url,http_status,page_type,indexable,canonical,primary_intent,title,meta_description_present,h1,rendering,unique_content,in_sitemap,internal_inlinks_estimate,schema_types,action
https://www.codesparring.dev/,200,home,yes,self,brand + broad real-world technical interview practice,Practice the Interview Rounds LeetCode Skips,yes (174),Practice the interview rounds LeetCode skips.,SSR (server-rendered marketing copy in initial HTML),unique,yes,154,WebSite Organization SoftwareApplication Person FAQPage,keep
https://www.codesparring.dev/pricing,200,commercial,yes,self,"CodeSparring pricing, free tier, plan value",Pricing - AI Mock Interview Plans | CodeSparring,yes (130),Choose Your Plan,SSR (server-rendered marketing copy in initial HTML),unique,yes,114,WebSite Organization SoftwareApplication Person,improve
https://www.codesparring.dev/why-codesparring,200,commercial,yes,self,"learning methodology, retention, differentiation",How It Works - Science-Backed Interview Prep | CodeSparring,yes (142),You don't forget interviews. You forget the patterns.,SSR (server-rendered marketing copy in initial HTML),unique,yes,1,WebSite Organization SoftwareApplication Person WebPage,improve
https://www.codesparring.dev/rounds,200,commercial,yes,self,debugging round + real-world design round product tour,"Rounds - Two rounds, one session | CodeSparring",yes (141),The rounds LeetCode skips,SSR (server-rendered marketing copy in initial HTML),"thin (307 words, 0 H2)",yes,9,WebSite Organization SoftwareApplication Person,improve
https://www.codesparring.dev/labs,200,hub,yes,self,real-world codebase / debugging / feature-round practice,Case Labs | CodeSparring,yes (172),Case Labs,SSR (server-rendered marketing copy in initial HTML),"thin card grid (250 words, 0 H2, client-filtered)",yes,9,WebSite Organization SoftwareApplication Person,improve
https://www.codesparring.dev/ai-coding-interview-practice,200,landing,yes,self,AI coding interview practice,AI Coding Interview Practice | CodeSparring,yes (149),AI coding interview practice,SSR (server-rendered marketing copy in initial HTML),unique,yes,114,WebSite Organization SoftwareApplication Person BreadcrumbList,improve
https://www.codesparring.dev/free-ai-coding-interview,200,landing,yes,self,free AI coding interview,Free AI Coding Interview Practice | CodeSparring,yes (149),Free AI coding interview practice,SSR (server-rendered marketing copy in initial HTML),unique (0.21 jaccard vs /ai-coding-interview-practice = chrome only),yes,114,WebSite Organization SoftwareApplication Person BreadcrumbList,keep
https://www.codesparring.dev/system-design-interview-practice,200,landing,yes,self,active system-design interview practice,System Design Interview Practice | CodeSparring,yes (146),System design interview practice,SSR (server-rendered marketing copy in initial HTML),unique,yes,114,WebSite Organization SoftwareApplication Person BreadcrumbList,improve
https://www.codesparring.dev/bug-fix-interview-practice,200,landing,yes,self,bug-fix / debugging interview practice,Bug-Fix Interview Practice | CodeSparring,yes (152),Bug-fix interview practice,SSR (server-rendered marketing copy in initial HTML),unique,yes,0,WebSite Organization SoftwareApplication Person BreadcrumbList,keep
https://www.codesparring.dev/software-engineer-interview-practice,200,landing,yes,self,software engineer interview practice,Software Engineer Interview Practice | CodeSparring,yes (127),Software engineer interview practice,SSR (server-rendered marketing copy in initial HTML),unique,yes,114,WebSite Organization SoftwareApplication Person BreadcrumbList,keep
https://www.codesparring.dev/new-grad-coding-interview-practice,200,landing,yes,self,new grad coding interview practice,New Grad Coding Interview Practice | CodeSparring,yes (149),New grad coding interview practice,SSR (server-rendered marketing copy in initial HTML),unique,yes,114,WebSite Organization SoftwareApplication Person BreadcrumbList,keep
https://www.codesparring.dev/data-engineer-interview-practice,200,landing,yes,self,data engineer interview practice,Data Engineer Interview Practice | CodeSparring,yes (184),Data engineer interview practice,SSR (server-rendered marketing copy in initial HTML),unique,yes,114,WebSite Organization SoftwareApplication Person BreadcrumbList,keep
https://www.codesparring.dev/codesparring-vs-leetcode,200,comparison,yes,self,CodeSparring vs LeetCode,CodeSparring vs LeetCode: Which Is Better for Interview Prep? | CodeSparring,yes (149),CodeSparring vs LeetCode,SSR (server-rendered marketing copy in initial HTML),unique,yes,1,WebSite Organization SoftwareApplication Person BreadcrumbList,keep
https://www.codesparring.dev/codesparring-vs-hellointerview,200,comparison,yes,self,CodeSparring vs Hello Interview / HelloInterview alternative,CodeSparring vs Hello Interview | AI Mock Interview Comparison | CodeSparring,yes (130),CodeSparring vs Hello Interview,SSR (server-rendered marketing copy in initial HTML),unique,yes,1,WebSite Organization SoftwareApplication Person BreadcrumbList,improve
https://www.codesparring.dev/codesparring-vs-interviewing-io,200,comparison,yes,self,CodeSparring vs interviewing.io,CodeSparring vs interviewing.io | AI vs Human Mock Interviews | CodeSparring,yes (117),CodeSparring vs interviewing.io,SSR (server-rendered marketing copy in initial HTML),unique,yes,1,WebSite Organization SoftwareApplication Person BreadcrumbList,keep
https://www.codesparring.dev/codesparring-vs-pramp,200,comparison,yes,self,CodeSparring vs Pramp,CodeSparring vs Pramp | Mock Interview Comparison | CodeSparring,yes (157),CodeSparring vs Pramp,SSR (server-rendered marketing copy in initial HTML),unique,yes,1,WebSite Organization SoftwareApplication Person BreadcrumbList,keep
https://www.codesparring.dev/best-ai-coding-interview-tools,200,listicle,yes,self,best AI coding interview tools,Best AI Coding Interview Tools in 2026 | CodeSparring,yes (162),Best AI coding interview tools,SSR (server-rendered marketing copy in initial HTML),unique,yes,114,WebSite Organization SoftwareApplication Person BreadcrumbList,keep
https://www.codesparring.dev/guides/how-to-practice-bug-fix-interviews,200,guide,yes,self,how to practice bug-fix interviews,How to Practice Bug-Fix Interviews | CodeSparring,yes (132),How to practice bug-fix interviews,SSR (server-rendered marketing copy in initial HTML),unique,yes,0,WebSite Organization SoftwareApplication Person BreadcrumbList,keep
https://www.codesparring.dev/guides/how-to-talk-through-coding-interviews,200,guide,yes,self,how to talk through a coding interview,How to Talk Through Coding Interviews | CodeSparring,yes (147),How to talk through coding interviews,SSR (server-rendered marketing copy in initial HTML),unique,yes,114,WebSite Organization SoftwareApplication Person BreadcrumbList,keep
https://www.codesparring.dev/guides/what-is-a-real-world-coding-interview-round,200,guide,yes,self,what a real-world coding interview round is,What Is a Real-World Coding Interview Round? | CodeSparring,yes (142),What is a real-world coding interview round?,SSR (server-rendered marketing copy in initial HTML),unique,yes,114,WebSite Organization SoftwareApplication Person BreadcrumbList,keep
https://www.codesparring.dev/docs,200,hub,yes,self,product documentation / getting started,Documentation - Getting Started Guide | CodeSparring,yes (149),Get Started,SSR (server-rendered marketing copy in initial HTML),thin (226 words),yes,114,WebSite Organization SoftwareApplication Person,improve
https://www.codesparring.dev/samples,200,hub,yes,self,sample AI interview feedback reports,Sample Interview Feedback Reports | CodeSparring,yes (143),Real Interview Feedback Examples,SSR (server-rendered marketing copy in initial HTML),thin card grid (234 words),yes,114,WebSite Organization SoftwareApplication Person,improve
https://www.codesparring.dev/samples/two-sum-excellent,200,sample,yes,self,"example graded feedback, Two Sum, A+",Two Sum: A+ Sample Feedback Report,yes (155),Two Sum Problem,SSR (server-rendered marketing copy in initial HTML),near-duplicate (0.29 jaccard vs sibling sample),yes,1,WebSite Organization SoftwareApplication Person,improve
https://www.codesparring.dev/samples/binary-tree-good,200,sample,yes,self,"example graded feedback, binary tree, B",Binary Tree Inorder Traversal: B+ Sample Report,yes (148),Binary Tree Inorder Traversal,SSR (server-rendered marketing copy in initial HTML),near-duplicate (0.29 jaccard vs sibling sample),yes,1,WebSite Organization SoftwareApplication Person,improve
https://www.codesparring.dev/samples/dynamic-programming-needs-work,200,sample,yes,self,"example graded feedback, DP, needs work",Longest Increasing Subsequence: C Sample Report,yes (149),Longest Increasing Subsequence,SSR (server-rendered marketing copy in initial HTML),near-duplicate (0.29 jaccard vs sibling sample),yes,1,WebSite Organization SoftwareApplication Person,improve
https://www.codesparring.dev/roadmap/preview,200,marketing,yes,self,preview of the personalized study roadmap,Preview Your Interview Roadmap | CodeSparring,yes (135),What your roadmap looks like,SSR (server-rendered marketing copy in initial HTML),unique,yes,3,WebSite Organization SoftwareApplication Person BreadcrumbList WebPage,keep
https://www.codesparring.dev/careers,200,corporate,yes,self,CodeSparring open roles,Careers - Join Our Team | CodeSparring,yes (135),Join the team,SSR (server-rendered marketing copy in initial HTML),thin (218 words),yes,114,WebSite Organization SoftwareApplication Person,keep
https://www.codesparring.dev/legal,200,corporate,yes,MISSING,privacy policy and terms of service,Legal & Privacy - CodeSparring | CodeSparring,yes (112),Legal & Privacy,SSR (server-rendered marketing copy in initial HTML),unique,yes,115,WebSite Organization SoftwareApplication Person,improve
https://www.codesparring.dev/referral-terms,200,corporate,yes,self,referral program terms,Referral Program Terms | CodeSparring,yes (58),Referral Program Terms,SSR (server-rendered marketing copy in initial HTML),unique,yes,0,WebSite Organization SoftwareApplication Person,keep
https://www.codesparring.dev/python-executor,200,utility,yes,self,browser Python scratchpad,Python Executor | CodeSparring,yes (79),Python Executor,SSR (server-rendered marketing copy in initial HTML),thin app shell (24 words of copy),yes,1,WebSite Organization SoftwareApplication Person,noindex
https://www.codesparring.dev/interview-prep,200,hub,yes,self,interview prep guides by company,"Interview Prep Guides by Company | Google, Meta, Amazon & More | CodeSparring",yes (232),Interview prep by company,SSR (server-rendered marketing copy in initial HTML),hub over 38 near-duplicate children,yes,41,WebSite Organization SoftwareApplication Person BreadcrumbList WebPage,improve
https://www.codesparring.dev/blog,200,hub,yes,self,CodeSparring blog index,Blog - Coding Interview Tips & DSA Patterns | CodeSparring,yes (148),Master Coding Interviews,SSR (server-rendered marketing copy in initial HTML),unique,yes,114,WebSite Organization SoftwareApplication Person CollectionPage,keep
https://www.codesparring.dev/interview-prep/google,200,company-prep,yes,self,Google interview prep,"Google Interview Prep Guide 2026 | Patterns, Questions & Tips | CodeSparring",yes (185),Google,SSR,"NEAR-DUPLICATE template (0.39-0.55 jaccard, up to 71% of one page's 6-grams present in a sibling)",yes,10,WebSite Organization SoftwareApplication Person BreadcrumbList Course,improve
https://www.codesparring.dev/interview-prep/meta,200,company-prep,yes,self,Meta interview prep,"Meta Interview Prep Guide 2026 | Patterns, Questions & Tips | CodeSparring",yes (183),Meta,SSR,"NEAR-DUPLICATE template (0.39-0.55 jaccard, up to 71% of one page's 6-grams present in a sibling)",yes,7,WebSite Organization SoftwareApplication Person BreadcrumbList Course,improve
https://www.codesparring.dev/interview-prep/amazon,200,company-prep,yes,self,Amazon interview prep,"Amazon Interview Prep Guide 2026 | Patterns, Questions & Tips | CodeSparring",yes (185),Amazon,SSR,"NEAR-DUPLICATE template (0.39-0.55 jaccard, up to 71% of one page's 6-grams present in a sibling)",yes,7,WebSite Organization SoftwareApplication Person BreadcrumbList Course,improve
https://www.codesparring.dev/interview-prep/apple,200,company-prep,yes,self,Apple interview prep,"Apple Interview Prep Guide 2026 | Patterns, Questions & Tips | CodeSparring",yes (183),Apple,SSR,"NEAR-DUPLICATE template (0.39-0.55 jaccard, up to 71% of one page's 6-grams present in a sibling)",yes,5,WebSite Organization SoftwareApplication Person BreadcrumbList Course,improve
https://www.codesparring.dev/interview-prep/netflix,200,company-prep,yes,self,Netflix interview prep,"Netflix Interview Prep Guide 2026 | Patterns, Questions & Tips | CodeSparring",yes (184),Netflix,SSR,"NEAR-DUPLICATE template (0.39-0.55 jaccard, up to 71% of one page's 6-grams present in a sibling)",yes,2,WebSite Organization SoftwareApplication Person BreadcrumbList Course,improve
https://www.codesparring.dev/interview-prep/microsoft,200,company-prep,yes,self,Microsoft interview prep,"Microsoft Interview Prep Guide 2026 | Patterns, Questions & Tips | CodeSparring",yes (188),Microsoft,SSR,"NEAR-DUPLICATE template (0.39-0.55 jaccard, up to 71% of one page's 6-grams present in a sibling)",yes,2,WebSite Organization SoftwareApplication Person BreadcrumbList Course,improve
https://www.codesparring.dev/interview-prep/stripe,200,company-prep,yes,self,Stripe interview prep,"Stripe Interview Prep Guide 2026 | Patterns, Questions & Tips | CodeSparring",yes (183),Stripe,SSR,"NEAR-DUPLICATE template (0.39-0.55 jaccard, up to 71% of one page's 6-grams present in a sibling)",yes,7,WebSite Organization SoftwareApplication Person BreadcrumbList Course,improve
https://www.codesparring.dev/interview-prep/uber,200,company-prep,yes,self,Uber interview prep,"Uber Interview Prep Guide 2026 | Patterns, Questions & Tips | CodeSparring",yes (181),Uber,SSR,"NEAR-DUPLICATE template (0.39-0.55 jaccard, up to 71% of one page's 6-grams present in a sibling)",yes,7,WebSite Organization SoftwareApplication Person BreadcrumbList Course,improve
https://www.codesparring.dev/interview-prep/lyft,200,company-prep,yes,self,Lyft interview prep,"Lyft Interview Prep Guide 2026 | Patterns, Questions & Tips | CodeSparring",yes (181),Lyft,SSR,"NEAR-DUPLICATE template (0.39-0.55 jaccard, up to 71% of one page's 6-grams present in a sibling)",yes,6,WebSite Organization SoftwareApplication Person BreadcrumbList Course,improve
https://www.codesparring.dev/interview-prep/airbnb,200,company-prep,yes,self,Airbnb interview prep,"Airbnb Interview Prep Guide 2026 | Patterns, Questions & Tips | CodeSparring",yes (183),Airbnb,SSR,"NEAR-DUPLICATE template (0.39-0.55 jaccard, up to 71% of one page's 6-grams present in a sibling)",yes,5,WebSite Organization SoftwareApplication Person BreadcrumbList Course,improve
https://www.codesparring.dev/interview-prep/linkedin,200,company-prep,yes,self,LinkedIn interview prep,"LinkedIn Interview Prep Guide 2026 | Patterns, Questions & Tips | CodeSparring",yes (185),LinkedIn,SSR,"NEAR-DUPLICATE template (0.39-0.55 jaccard, up to 71% of one page's 6-grams present in a sibling)",yes,2,WebSite Organization SoftwareApplication Person BreadcrumbList Course,improve
https://www.codesparring.dev/interview-prep/twitter,200,company-prep,yes,self,Twitter/X interview prep,"Twitter/X Interview Prep Guide 2026 | Patterns, Questions & Tips | CodeSparring",yes (186),Twitter/X,SSR,"NEAR-DUPLICATE template (0.39-0.55 jaccard, up to 71% of one page's 6-grams present in a sibling)",yes,1,WebSite Organization SoftwareApplication Person BreadcrumbList Course,improve
https://www.codesparring.dev/interview-prep/shopify,200,company-prep,yes,self,Shopify interview prep,"Shopify Interview Prep Guide 2026 | Patterns, Questions & Tips | CodeSparring",yes (184),Shopify,SSR,"NEAR-DUPLICATE template (0.39-0.55 jaccard, up to 71% of one page's 6-grams present in a sibling)",yes,8,WebSite Organization SoftwareApplication Person BreadcrumbList Course,improve
https://www.codesparring.dev/interview-prep/coinbase,200,company-prep,yes,self,Coinbase interview prep,"Coinbase Interview Prep Guide 2026 | Patterns, Questions & Tips | CodeSparring",yes (185),Coinbase,SSR,"NEAR-DUPLICATE template (0.39-0.55 jaccard, up to 71% of one page's 6-grams present in a sibling)",yes,9,WebSite Organization SoftwareApplication Person BreadcrumbList Course,improve
https://www.codesparring.dev/interview-prep/databricks,200,company-prep,yes,self,Databricks interview prep,"Databricks Interview Prep Guide 2026 | Patterns, Questions & Tips | CodeSparring",yes (187),Databricks,SSR,"NEAR-DUPLICATE template (0.39-0.55 jaccard, up to 71% of one page's 6-grams present in a sibling)",yes,9,WebSite Organization SoftwareApplication Person BreadcrumbList Course,improve
https://www.codesparring.dev/interview-prep/snowflake,200,company-prep,yes,self,Snowflake interview prep,"Snowflake Interview Prep Guide 2026 | Patterns, Questions & Tips | CodeSparring",yes (186),Snowflake,SSR,"NEAR-DUPLICATE template (0.39-0.55 jaccard, up to 71% of one page's 6-grams present in a sibling)",yes,5,WebSite Organization SoftwareApplication Person BreadcrumbList Course,improve
https://www.codesparring.dev/interview-prep/palantir,200,company-prep,yes,self,Palantir interview prep,"Palantir Interview Prep Guide 2026 | Patterns, Questions & Tips | CodeSparring",yes (186),Palantir,SSR,"NEAR-DUPLICATE template (0.39-0.55 jaccard, up to 71% of one page's 6-grams present in a sibling)",yes,4,WebSite Organization SoftwareApplication Person BreadcrumbList Course,improve
https://www.codesparring.dev/interview-prep/goldman-sachs,200,company-prep,yes,self,Goldman Sachs interview prep,"Goldman Sachs Interview Prep Guide 2026 | Patterns, Questions & Tips | CodeSparring",yes (190),Goldman Sachs,SSR,"NEAR-DUPLICATE template (0.39-0.55 jaccard, up to 71% of one page's 6-grams present in a sibling)",yes,1,WebSite Organization SoftwareApplication Person BreadcrumbList Course,improve
https://www.codesparring.dev/interview-prep/jane-street,200,company-prep,yes,self,Jane Street interview prep,"Jane Street Interview Prep Guide 2026 | Patterns, Questions & Tips | CodeSparring",yes (188),Jane Street,SSR,"NEAR-DUPLICATE template (0.39-0.55 jaccard, up to 71% of one page's 6-grams present in a sibling)",yes,2,WebSite Organization SoftwareApplication Person BreadcrumbList Course,improve
https://www.codesparring.dev/interview-prep/bloomberg,200,company-prep,yes,self,Bloomberg interview prep,"Bloomberg Interview Prep Guide 2026 | Patterns, Questions & Tips | CodeSparring",yes (187),Bloomberg,SSR,"NEAR-DUPLICATE template (0.39-0.55 jaccard, up to 71% of one page's 6-grams present in a sibling)",yes,1,WebSite Organization SoftwareApplication Person BreadcrumbList Course,improve
https://www.codesparring.dev/interview-prep/veeva,200,company-prep,yes,self,Veeva Systems interview prep,"Veeva Systems Interview Prep Guide 2026 | Patterns, Questions & Tips | CodeSparring",yes (190),Veeva Systems,SSR,"NEAR-DUPLICATE template (0.39-0.55 jaccard, up to 71% of one page's 6-grams present in a sibling)",yes,6,WebSite Organization SoftwareApplication Person BreadcrumbList Course,improve
https://www.codesparring.dev/interview-prep/doordash,200,company-prep,yes,self,DoorDash interview prep,"DoorDash Interview Prep Guide 2026 | Patterns, Questions & Tips | CodeSparring",yes (185),DoorDash,SSR,"NEAR-DUPLICATE template (0.39-0.55 jaccard, up to 71% of one page's 6-grams present in a sibling)",yes,6,WebSite Organization SoftwareApplication Person BreadcrumbList Course,improve
https://www.codesparring.dev/interview-prep/instacart,200,company-prep,yes,self,Instacart interview prep,"Instacart Interview Prep Guide 2026 | Patterns, Questions & Tips | CodeSparring",yes (186),Instacart,SSR,"NEAR-DUPLICATE template (0.39-0.55 jaccard, up to 71% of one page's 6-grams present in a sibling)",yes,6,WebSite Organization SoftwareApplication Person BreadcrumbList Course,improve
https://www.codesparring.dev/interview-prep/robinhood,200,company-prep,yes,self,Robinhood interview prep,"Robinhood Interview Prep Guide 2026 | Patterns, Questions & Tips | CodeSparring",yes (186),Robinhood,SSR,"NEAR-DUPLICATE template (0.39-0.55 jaccard, up to 71% of one page's 6-grams present in a sibling)",yes,4,WebSite Organization SoftwareApplication Person BreadcrumbList Course,improve
https://www.codesparring.dev/interview-prep/square,200,company-prep,yes,self,Square (Block) interview prep,"Square (Block) Interview Prep Guide 2026 | Patterns, Questions & Tips | CodeSparring",yes (191),Square (Block),SSR,"NEAR-DUPLICATE template (0.39-0.55 jaccard, up to 71% of one page's 6-grams present in a sibling)",yes,1,WebSite Organization SoftwareApplication Person BreadcrumbList Course,improve
https://www.codesparring.dev/interview-prep/figma,200,company-prep,yes,self,Figma interview prep,"Figma Interview Prep Guide 2026 | Patterns, Questions & Tips | CodeSparring",yes (182),Figma,SSR,"NEAR-DUPLICATE template (0.39-0.55 jaccard, up to 71% of one page's 6-grams present in a sibling)",yes,1,WebSite Organization SoftwareApplication Person BreadcrumbList Course,improve
https://www.codesparring.dev/interview-prep/roblox,200,company-prep,yes,self,Roblox interview prep,"Roblox Interview Prep Guide 2026 | Patterns, Questions & Tips | CodeSparring",yes (183),Roblox,SSR,"NEAR-DUPLICATE template (0.39-0.55 jaccard, up to 71% of one page's 6-grams present in a sibling)",yes,3,WebSite Organization SoftwareApplication Person BreadcrumbList Course,improve
https://www.codesparring.dev/interview-prep/spotify,200,company-prep,yes,self,Spotify interview prep,"Spotify Interview Prep Guide 2026 | Patterns, Questions & Tips | CodeSparring",yes (184),Spotify,SSR,"NEAR-DUPLICATE template (0.39-0.55 jaccard, up to 71% of one page's 6-grams present in a sibling)",yes,3,WebSite Organization SoftwareApplication Person BreadcrumbList Course,improve
https://www.codesparring.dev/interview-prep/twitch,200,company-prep,yes,self,Twitch interview prep,"Twitch Interview Prep Guide 2026 | Patterns, Questions & Tips | CodeSparring",yes (183),Twitch,SSR,"NEAR-DUPLICATE template (0.39-0.55 jaccard, up to 71% of one page's 6-grams present in a sibling)",yes,3,WebSite Organization SoftwareApplication Person BreadcrumbList Course,improve
https://www.codesparring.dev/interview-prep/tiktok,200,company-prep,yes,self,TikTok (ByteDance) interview prep,"TikTok (ByteDance) Interview Prep Guide 2026 | Patterns, Questions & Tips | CodeSparring",yes (195),TikTok (ByteDance),SSR,"NEAR-DUPLICATE template (0.39-0.55 jaccard, up to 71% of one page's 6-grams present in a sibling)",yes,5,WebSite Organization SoftwareApplication Person BreadcrumbList Course,improve
https://www.codesparring.dev/interview-prep/snap,200,company-prep,yes,self,Snap Inc. interview prep,"Snap Inc. Interview Prep Guide 2026 | Patterns, Questions & Tips | CodeSparring",yes (186),Snap Inc.,SSR,"NEAR-DUPLICATE template (0.39-0.55 jaccard, up to 71% of one page's 6-grams present in a sibling)",yes,5,WebSite Organization SoftwareApplication Person BreadcrumbList Course,improve
https://www.codesparring.dev/interview-prep/pinterest,200,company-prep,yes,self,Pinterest interview prep,"Pinterest Interview Prep Guide 2026 | Patterns, Questions & Tips | CodeSparring",yes (186),Pinterest,SSR,"NEAR-DUPLICATE template (0.39-0.55 jaccard, up to 71% of one page's 6-grams present in a sibling)",yes,5,WebSite Organization SoftwareApplication Person BreadcrumbList Course,improve
https://www.codesparring.dev/interview-prep/reddit,200,company-prep,yes,self,Reddit interview prep,"Reddit Interview Prep Guide 2026 | Patterns, Questions & Tips | CodeSparring",yes (183),Reddit,SSR,"NEAR-DUPLICATE template (0.39-0.55 jaccard, up to 71% of one page's 6-grams present in a sibling)",yes,4,WebSite Organization SoftwareApplication Person BreadcrumbList Course,improve
https://www.codesparring.dev/interview-prep/ziprecruiter,200,company-prep,yes,self,ZipRecruiter interview prep,"ZipRecruiter Interview Prep Guide 2026 | Patterns, Questions & Tips | CodeSparring",yes (191),ZipRecruiter,SSR,"NEAR-DUPLICATE template (0.39-0.55 jaccard, up to 71% of one page's 6-grams present in a sibling)",yes,1,WebSite Organization SoftwareApplication Person BreadcrumbList Course,improve
https://www.codesparring.dev/interview-prep/nvidia,200,company-prep,yes,self,NVIDIA interview prep,"NVIDIA Interview Prep Guide 2026 | Patterns, Questions & Tips | CodeSparring",yes (183),NVIDIA,SSR,"NEAR-DUPLICATE template (0.39-0.55 jaccard, up to 71% of one page's 6-grams present in a sibling)",yes,4,WebSite Organization SoftwareApplication Person BreadcrumbList Course,improve
https://www.codesparring.dev/interview-prep/salesforce,200,company-prep,yes,self,Salesforce interview prep,"Salesforce Interview Prep Guide 2026 | Patterns, Questions & Tips | CodeSparring",yes (187),Salesforce,SSR,"NEAR-DUPLICATE template (0.39-0.55 jaccard, up to 71% of one page's 6-grams present in a sibling)",yes,4,WebSite Organization SoftwareApplication Person BreadcrumbList Course,improve
https://www.codesparring.dev/interview-prep/atlassian,200,company-prep,yes,self,Atlassian interview prep,"Atlassian Interview Prep Guide 2026 | Patterns, Questions & Tips | CodeSparring",yes (186),Atlassian,SSR,"NEAR-DUPLICATE template (0.39-0.55 jaccard, up to 71% of one page's 6-grams present in a sibling)",yes,4,WebSite Organization SoftwareApplication Person BreadcrumbList Course,improve
https://www.codesparring.dev/interview-prep/oracle,200,company-prep,yes,self,Oracle interview prep,"Oracle Interview Prep Guide 2026 | Patterns, Questions & Tips | CodeSparring",yes (183),Oracle,SSR,"NEAR-DUPLICATE template (0.39-0.55 jaccard, up to 71% of one page's 6-grams present in a sibling)",yes,4,WebSite Organization SoftwareApplication Person BreadcrumbList Course,improve
https://www.codesparring.dev/blog/learn-data-engineering-sql-free-course,200,blog-post,yes,self,A Free Data Engineering and SQL Course You Run in the Browser,A Free Data Engineering and SQL Course You Run in the Browser,yes (165),A Free Data Engineering and SQL Course You Run in the Browser,SSR (MDX rendered server-side),unique,yes,1,WebSite Organization SoftwareApplication Person Article BreadcrumbList,keep
https://www.codesparring.dev/blog/learn-system-design-by-answering,200,blog-post,yes,self,"Learn System Design by Answering, Not Watching","Learn System Design by Answering, Not Watching",yes (174),"Learn System Design by Answering, Not Watching",SSR (MDX rendered server-side),unique,yes,1,WebSite Organization SoftwareApplication Person Article BreadcrumbList,keep
https://www.codesparring.dev/blog/python-oop-course-for-engineers,200,blog-post,yes,self,A Free Python Course Built Around Object-Oriented Design,A Free Python Course Built Around Object-Oriented Design,yes (165),A Free Python Course Built Around Object-Oriented Design,SSR (MDX rendered server-side),unique,yes,1,WebSite Organization SoftwareApplication Person Article BreadcrumbList,keep
https://www.codesparring.dev/blog/faang-vs-top-tech-interview-comparison,200,blog-post,yes,self,FAANG vs Top Tech vs Growth Companies: Interview Comparison Guide 2025,FAANG vs Top Tech vs Growth Companies: Interview Comparison Guide 2025,yes (220),FAANG vs Top Tech vs Growth Companies: Interview Comparison Guide 2025,SSR (MDX rendered server-side),unique,yes,1,WebSite Organization SoftwareApplication Person Article BreadcrumbList,keep
https://www.codesparring.dev/blog/how-codesparring-creates-your-personalized-roadmap,200,blog-post,yes,self,How CodeSparring Creates Your Personalized Interview Roadmap,How CodeSparring Creates Your Personalized Interview Roadmap,yes (192),How CodeSparring Creates Your Personalized Interview Roadmap,SSR (MDX rendered server-side),unique,yes,1,WebSite Organization SoftwareApplication Person Article BreadcrumbList,keep
https://www.codesparring.dev/blog/free-mock-interview-practice-online,200,blog-post,yes,self,Free Mock Interview Practice Online: Best Options in 2025,Free Mock Interview Practice Online: Best Options in 2025,yes (170),Free Mock Interview Practice Online: Best Options in 2025,SSR (MDX rendered server-side),unique,yes,1,WebSite Organization SoftwareApplication Person Article BreadcrumbList,keep
https://www.codesparring.dev/blog/spaced-repetition-for-coding-interviews,200,blog-post,yes,self,Spaced Repetition for Coding Interviews: Stop Forgetting What You Learn,Spaced Repetition for Coding Interviews: Stop Forgetting What You Learn,yes (154),Spaced Repetition for Coding Interviews: Stop Forgetting What You Learn,SSR (MDX rendered server-side),unique,yes,2,WebSite Organization SoftwareApplication Person Article BreadcrumbList,keep
https://www.codesparring.dev/blog/amazon-leadership-principles-interview-guide,200,blog-post,yes,self,Amazon Leadership Principles: The Complete Interview Guide for 2025,Amazon Leadership Principles: The Complete Interview Guide for 2025,yes (97),Amazon Leadership Principles: The Complete Interview Guide for 2025,SSR (MDX rendered server-side),unique,yes,2,WebSite Organization SoftwareApplication Person Article BreadcrumbList,keep
https://www.codesparring.dev/blog/coding-interview-anxiety-how-to-stay-calm,200,blog-post,yes,self,Coding Interview Anxiety: A Developer's Guide to Staying Calm Under Pressure,Coding Interview Anxiety: A Developer's Guide to Staying Calm Under Pressure,yes (152),Coding Interview Anxiety: A Developer's Guide to Staying Calm Under Pressure,SSR (MDX rendered server-side),unique,yes,1,WebSite Organization SoftwareApplication Person Article BreadcrumbList,improve
https://www.codesparring.dev/blog/dsa-for-interns-new-grads-2025,200,blog-post,yes,self,DSA for Interns & New Grads: The 2025 Survival Guide,DSA for Interns & New Grads: The 2025 Survival Guide,yes (192),DSA for Interns & New Grads: The 2025 Survival Guide,SSR (MDX rendered server-side),unique,yes,1,WebSite Organization SoftwareApplication Person Article BreadcrumbList,keep
https://www.codesparring.dev/blog/faang-interview-what-big-tech-looks-for,200,blog-post,yes,self,FAANG Coding Interviews: What Big Tech Actually Looks For in 2025,FAANG Coding Interviews: What Big Tech Actually Looks For in 2025,yes (140),FAANG Coding Interviews: What Big Tech Actually Looks For in 2025,SSR (MDX rendered server-side),unique,yes,1,WebSite Organization SoftwareApplication Person Article BreadcrumbList,keep
https://www.codesparring.dev/blog/first-software-engineer-interview-complete-guide,200,blog-post,yes,self,Your First Software Engineer Interview: The Complete 2025 Guide,Your First Software Engineer Interview: The Complete 2025 Guide,yes (160),Your First Software Engineer Interview: The Complete 2025 Guide,SSR (MDX rendered server-side),unique,yes,1,WebSite Organization SoftwareApplication Person Article BreadcrumbList,keep
https://www.codesparring.dev/blog/google-interview-30-day-prep-plan,200,blog-post,yes,self,Google Interview Prep: A 30-Day Plan That Actually Works,Google Interview Prep: A 30-Day Plan That Actually Works,yes (149),Google Interview Prep: A 30-Day Plan That Actually Works,SSR (MDX rendered server-side),unique,yes,1,WebSite Organization SoftwareApplication Person Article BreadcrumbList,keep
https://www.codesparring.dev/blog/why-you-forget-leetcode-problems,200,blog-post,yes,self,Why You Forget 80% of LeetCode Problems (And How to Actually Retain Them),Why You Forget 80% of LeetCode Problems (And How to Actually Retain Them),yes (147),Why You Forget 80% of LeetCode Problems (And How to Actually Retain Them),SSR (MDX rendered server-side),unique,yes,1,WebSite Organization SoftwareApplication Person Article BreadcrumbList,improve
https://www.codesparring.dev/blog/15-dsa-patterns,200,blog-post,yes,self,15 DSA Patterns Every Developer Should Master,15 DSA Patterns Every Developer Should Master,yes (132),15 DSA Patterns Every Developer Should Master,SSR (MDX rendered server-side),unique,yes,3,WebSite Organization SoftwareApplication Person Article BreadcrumbList,keep
https://www.codesparring.dev/blog/leetcode-vs-codesparring,200,blog-post,yes,self,LeetCode vs CodeSparring: Which is Better for Interview Prep?,LeetCode vs CodeSparring: Which is Better for Interview Prep?,yes (120),LeetCode vs CodeSparring: Which is Better for Interview Prep?,SSR (MDX rendered server-side),unique,yes,1,WebSite Organization SoftwareApplication Person Article BreadcrumbList,keep
https://www.codesparring.dev/blog/two-sum-5-solutions,200,blog-post,yes,self,Two Sum: 5 Solutions from Brute Force to Optimal,Two Sum: 5 Solutions from Brute Force to Optimal,yes (125),Two Sum: 5 Solutions from Brute Force to Optimal,SSR (MDX rendered server-side),unique,yes,1,WebSite Organization SoftwareApplication Person Article BreadcrumbList,keep
https://www.codesparring.dev/labs/palantir-911-dispatch,200,lab-detail,yes,self,911 Dispatch Optimization case lab,911 Dispatch Optimization: Palantir FDSE Case Lab | CodeSparring,yes (157),911 Dispatch Optimization,CLIENT ('use client' page; head comes from app/labs/[labId]/layout.tsx; intro copy IS in initial HTML),unique (0.09 jaccard vs sibling lab),yes,3,WebSite Organization SoftwareApplication Person,improve
https://www.codesparring.dev/labs/palantir-usage-rollup,200,lab-detail,yes,self,Usage Rollup Double-Count case lab,Usage Rollup Double-Count: Palantir FDSE Case Lab | CodeSparring,yes (156),Usage Rollup Double-Count,CLIENT ('use client' page; head comes from app/labs/[labId]/layout.tsx; intro copy IS in initial HTML),unique (0.09 jaccard vs sibling lab),yes,3,WebSite Organization SoftwareApplication Person,improve
https://www.codesparring.dev/labs/palantir-ontology-learning,200,lab-detail,yes,self,Ontology Learning Round case lab,Ontology Learning Round: Palantir FDSE Case Lab | CodeSparring,yes (164),Ontology Learning Round,CLIENT ('use client' page; head comes from app/labs/[labId]/layout.tsx; intro copy IS in initial HTML),unique (0.09 jaccard vs sibling lab),yes,3,WebSite Organization SoftwareApplication Person,improve
https://www.codesparring.dev/labs/stripe-billing-webhook,200,lab-detail,yes,self,Billing Webhook Idempotency case lab,Billing Webhook Idempotency: Stripe Software Engineer Case Lab | CodeSparring,yes (156),Billing Webhook Idempotency,CLIENT ('use client' page; head comes from app/labs/[labId]/layout.tsx; intro copy IS in initial HTML),unique (0.09 jaccard vs sibling lab),yes,1,WebSite Organization SoftwareApplication Person,improve
https://www.codesparring.dev/labs/{any-unknown-id},200 (SOFT 404),lab-detail-catchall,yes (DEFECT),self (DEFECT: canonicalises a non-existent lab),none,Case Lab | CodeSparring,yes (97),NONE,CLIENT,empty (11 words),no,0,"WebSite,Organization,SoftwareApplication,Person",noindex
https://www.codesparring.dev/learn,200,learn-hub,yes,self,"free Python, Data Engineering and System Design courses","Learn Python, Data Engineering, and System Design | CodeSparring",yes (146),"Learn the fundamentals, then prove you can use them",SSR,unique,yes,114,WebSite Organization SoftwareApplication Person ItemList BreadcrumbList,keep
https://www.codesparring.dev/learn/all,200,learn-index,yes,self,flat index of all 425 lessons,All Learn lessons | CodeSparring,yes (143),"Every lesson, on one page",SSR,"link index (4,659 words, 425 anchors)",yes,114,WebSite Organization SoftwareApplication Person,keep
https://www.codesparring.dev/learn/python,200,course-landing,yes,self,learn Python,Learn Python | CodeSparring,yes (153),"Python, the way real engineers actually learn it",SSR,unique,yes,120,WebSite Organization SoftwareApplication Person Course ItemList BreadcrumbList,keep
https://www.codesparring.dev/learn/data-engineering,200,course-landing,yes,self,learn Data Engineering,Learn Data Engineering | CodeSparring,yes (152),"Data engineering, the way a data engineer actually learns it",SSR,unique,yes,126,WebSite Organization SoftwareApplication Person Course ItemList BreadcrumbList,keep
https://www.codesparring.dev/learn/system-design,200,course-landing,yes,self,learn System Design,Learn System Design | CodeSparring,yes (155),"System design, the way real interviews test it",SSR,unique,yes,126,WebSite Organization SoftwareApplication Person Course ItemList BreadcrumbList,keep
https://www.codesparring.dev/learn/python/fundamentals,200,level-index,yes,self,Level 1: Foundations,Level 1: Foundations · Learn Python | CodeSparring,yes (63),Level 1: Foundations,"SSR (no global header/footer in initial HTML: 16-23 anchors, exit only to track + home)",unique (level overview + module groupings),yes,5,WebSite Organization SoftwareApplication Person ItemList BreadcrumbList,keep
https://www.codesparring.dev/learn/python/intermediate,200,level-index,yes,self,Level 2: Idioms,Level 2: Idioms · Learn Python | CodeSparring,yes (127),Level 2: Idioms,"SSR (no global header/footer in initial HTML: 16-23 anchors, exit only to track + home)",unique (level overview + module groupings),yes,2,WebSite Organization SoftwareApplication Person ItemList BreadcrumbList,keep
https://www.codesparring.dev/learn/python/applied,200,level-index,yes,self,Level 3: Patterns,Level 3: Patterns · Learn Python | CodeSparring,yes (78),Level 3: Patterns,"SSR (no global header/footer in initial HTML: 16-23 anchors, exit only to track + home)",unique (level overview + module groupings),yes,2,WebSite Organization SoftwareApplication Person ItemList BreadcrumbList,keep
https://www.codesparring.dev/learn/python/engineering,200,level-index,yes,self,Level 4: Engineering,Level 4: Engineering · Learn Python | CodeSparring,yes (71),Level 4: Engineering,"SSR (no global header/footer in initial HTML: 16-23 anchors, exit only to track + home)",unique (level overview + module groupings),yes,2,WebSite Organization SoftwareApplication Person ItemList BreadcrumbList,keep
https://www.codesparring.dev/learn/python/verification,200,level-index,yes,self,Level 5: Judging Code You Did Not Write,Level 5: Judging Code You Did Not Write · Learn Python | CodeSparring,yes (80),Level 5: Judging Code You Did Not Write,"SSR (no global header/footer in initial HTML: 16-23 anchors, exit only to track + home)",unique (level overview + module groupings),yes,2,WebSite Organization SoftwareApplication Person ItemList BreadcrumbList,improve
https://www.codesparring.dev/learn/data-engineering/foundations,200,level-index,yes,self,Level 1: SQL Foundations (Reading Source Data),Level 1: SQL Foundations (Reading Source Data) · Learn Data Engineering | CodeSparring,yes (88),Level 1: SQL Foundations (Reading Source Data),"SSR (no global header/footer in initial HTML: 16-23 anchors, exit only to track + home)",unique (level overview + module groupings),yes,6,WebSite Organization SoftwareApplication Person ItemList BreadcrumbList,improve
https://www.codesparring.dev/learn/data-engineering/aggregation,200,level-index,yes,self,Level 2: Aggregation & Joins (Combining Source Data),Level 2: Aggregation & Joins (Combining Source Data) · Learn Data Engineering | CodeSparring,yes (83),Level 2: Aggregation & Joins (Combining Source Data),"SSR (no global header/footer in initial HTML: 16-23 anchors, exit only to track + home)",unique (level overview + module groupings),yes,4,WebSite Organization SoftwareApplication Person ItemList BreadcrumbList,improve
https://www.codesparring.dev/learn/data-engineering/modeling,200,level-index,yes,self,Level 3: Data Modeling & Schema Design,Level 3: Data Modeling & Schema Design · Learn Data Engineering | CodeSparring,yes (83),Level 3: Data Modeling & Schema Design,"SSR (no global header/footer in initial HTML: 16-23 anchors, exit only to track + home)",unique (level overview + module groupings),yes,3,WebSite Organization SoftwareApplication Person ItemList BreadcrumbList,improve
https://www.codesparring.dev/learn/data-engineering/engineering,200,level-index,yes,self,Level 4: Data Engineering with SQL,Level 4: Data Engineering with SQL · Learn Data Engineering | CodeSparring,yes (92),Level 4: Data Engineering with SQL,"SSR (no global header/footer in initial HTML: 16-23 anchors, exit only to track + home)",unique (level overview + module groupings),yes,3,WebSite Organization SoftwareApplication Person ItemList BreadcrumbList,improve
https://www.codesparring.dev/learn/data-engineering/advanced-company-sql,200,level-index,yes,self,Level 5: Advanced & Company-Specific SQL for DE Interviews,Level 5: Advanced & Company-Specific SQL for DE Interviews · Learn Data Engineering | CodeSparring,yes (153),Level 5: Advanced & Company-Specific SQL for DE Interviews,"SSR (no global header/footer in initial HTML: 16-23 anchors, exit only to track + home)",unique (level overview + module groupings),yes,3,WebSite Organization SoftwareApplication Person ItemList BreadcrumbList,improve
https://www.codesparring.dev/learn/data-engineering/cloud-data-foundations,200,level-index,yes,self,Level 6: Cloud & Data Engineering Foundations,Level 6: Cloud & Data Engineering Foundations · Learn Data Engineering | CodeSparring,yes (153),Level 6: Cloud & Data Engineering Foundations,"SSR (no global header/footer in initial HTML: 16-23 anchors, exit only to track + home)",unique (level overview + module groupings),yes,3,WebSite Organization SoftwareApplication Person ItemList BreadcrumbList,improve
https://www.codesparring.dev/learn/data-engineering/warehouses-lakehouse,200,level-index,yes,self,"Level 7: Warehouses, Lakehouse & Dimensional Modeling","Level 7: Warehouses, Lakehouse & Dimensional Modeling · Learn Data Engineering | CodeSparring",yes (152),"Level 7: Warehouses, Lakehouse & Dimensional Modeling","SSR (no global header/footer in initial HTML: 16-23 anchors, exit only to track + home)",unique (level overview + module groupings),yes,3,WebSite Organization SoftwareApplication Person ItemList BreadcrumbList,improve
https://www.codesparring.dev/learn/data-engineering/batch-pipelines,200,level-index,yes,self,Level 8: Batch Pipelines & Orchestration,Level 8: Batch Pipelines & Orchestration · Learn Data Engineering | CodeSparring,yes (145),Level 8: Batch Pipelines & Orchestration,"SSR (no global header/footer in initial HTML: 16-23 anchors, exit only to track + home)",unique (level overview + module groupings),yes,3,WebSite Organization SoftwareApplication Person ItemList BreadcrumbList,improve
https://www.codesparring.dev/learn/data-engineering/streaming-cdc,200,level-index,yes,self,Level 9: Streaming & Change Data Capture,Level 9: Streaming & Change Data Capture · Learn Data Engineering | CodeSparring,yes (150),Level 9: Streaming & Change Data Capture,"SSR (no global header/footer in initial HTML: 16-23 anchors, exit only to track + home)",unique (level overview + module groupings),yes,3,WebSite Organization SoftwareApplication Person ItemList BreadcrumbList,improve
https://www.codesparring.dev/learn/data-engineering/spark-and-operations,200,level-index,yes,self,Level 10: Distributed Compute & Data Operations,Level 10: Distributed Compute & Data Operations · Learn Data Engineering | CodeSparring,yes (145),Level 10: Distributed Compute & Data Operations,"SSR (no global header/footer in initial HTML: 16-23 anchors, exit only to track + home)",unique (level overview + module groupings),yes,3,WebSite Organization SoftwareApplication Person ItemList BreadcrumbList,improve
https://www.codesparring.dev/learn/data-engineering/data-for-ai,200,level-index,yes,self,Level 11: Data Engineering for AI,Level 11: Data Engineering for AI · Learn Data Engineering | CodeSparring,yes (153),Level 11: Data Engineering for AI,"SSR (no global header/footer in initial HTML: 16-23 anchors, exit only to track + home)",unique (level overview + module groupings),yes,4,WebSite Organization SoftwareApplication Person ItemList BreadcrumbList,improve
https://www.codesparring.dev/learn/system-design/interview-method,200,level-index,yes,self,Level 0: Interview & Communication Method,Level 0: Interview & Communication Method · Learn System Design | CodeSparring,yes (105),Level 0: Interview & Communication Method,"SSR (no global header/footer in initial HTML: 16-23 anchors, exit only to track + home)",unique (level overview + module groupings),yes,3,WebSite Organization SoftwareApplication Person ItemList BreadcrumbList,improve
https://www.codesparring.dev/learn/system-design/foundations,200,level-index,yes,self,Level 1: Foundations & Mental Models,Level 1: Foundations & Mental Models · Learn System Design | CodeSparring,yes (86),Level 1: Foundations & Mental Models,"SSR (no global header/footer in initial HTML: 16-23 anchors, exit only to track + home)",unique (level overview + module groupings),yes,8,WebSite Organization SoftwareApplication Person ItemList BreadcrumbList,improve
https://www.codesparring.dev/learn/system-design/data-storage,200,level-index,yes,self,Level 2: Data Storage & Modeling,Level 2: Data Storage & Modeling · Learn System Design | CodeSparring,yes (81),Level 2: Data Storage & Modeling,"SSR (no global header/footer in initial HTML: 16-23 anchors, exit only to track + home)",unique (level overview + module groupings),yes,3,WebSite Organization SoftwareApplication Person ItemList BreadcrumbList,improve
https://www.codesparring.dev/learn/system-design/scaling-data,200,level-index,yes,self,Level 3: Scaling the Data Tier,Level 3: Scaling the Data Tier · Learn System Design | CodeSparring,yes (86),Level 3: Scaling the Data Tier,"SSR (no global header/footer in initial HTML: 16-23 anchors, exit only to track + home)",unique (level overview + module groupings),yes,3,WebSite Organization SoftwareApplication Person ItemList BreadcrumbList,improve
https://www.codesparring.dev/learn/system-design/scaling-compute,200,level-index,yes,self,Level 4: Scaling Compute & Traffic,Level 4: Scaling Compute & Traffic · Learn System Design | CodeSparring,yes (99),Level 4: Scaling Compute & Traffic,"SSR (no global header/footer in initial HTML: 16-23 anchors, exit only to track + home)",unique (level overview + module groupings),yes,7,WebSite Organization SoftwareApplication Person ItemList BreadcrumbList,improve
https://www.codesparring.dev/learn/system-design/distributed-core,200,level-index,yes,self,Level 5: Distributed Systems Core,Level 5: Distributed Systems Core · Learn System Design | CodeSparring,yes (91),Level 5: Distributed Systems Core,"SSR (no global header/footer in initial HTML: 16-23 anchors, exit only to track + home)",unique (level overview + module groupings),yes,6,WebSite Organization SoftwareApplication Person ItemList BreadcrumbList,improve
https://www.codesparring.dev/learn/system-design/event-driven,200,level-index,yes,self,Level 6: Asynchronous & Event-Driven Systems,Level 6: Asynchronous & Event-Driven Systems · Learn System Design | CodeSparring,yes (99),Level 6: Asynchronous & Event-Driven Systems,"SSR (no global header/footer in initial HTML: 16-23 anchors, exit only to track + home)",unique (level overview + module groupings),yes,3,WebSite Organization SoftwareApplication Person ItemList BreadcrumbList,improve
https://www.codesparring.dev/learn/system-design/reliability-ops,200,level-index,yes,self,"Level 7: Reliability, Resilience & Operations","Level 7: Reliability, Resilience & Operations · Learn System Design | CodeSparring",yes (119),"Level 7: Reliability, Resilience & Operations","SSR (no global header/footer in initial HTML: 16-23 anchors, exit only to track + home)",unique (level overview + module groupings),yes,5,WebSite Organization SoftwareApplication Person ItemList BreadcrumbList,improve
https://www.codesparring.dev/learn/system-design/security-privacy,200,level-index,yes,self,"Level 8: Security, Privacy & Multi-tenancy","Level 8: Security, Privacy & Multi-tenancy · Learn System Design | CodeSparring",yes (144),"Level 8: Security, Privacy & Multi-tenancy","SSR (no global header/footer in initial HTML: 16-23 anchors, exit only to track + home)",unique (level overview + module groupings),yes,3,WebSite Organization SoftwareApplication Person ItemList BreadcrumbList,improve
https://www.codesparring.dev/learn/system-design/modern-architecture,200,level-index,yes,self,Level 9: Modern Architecture & Delivery,Level 9: Modern Architecture & Delivery · Learn System Design | CodeSparring,yes (123),Level 9: Modern Architecture & Delivery,"SSR (no global header/footer in initial HTML: 16-23 anchors, exit only to track + home)",unique (level overview + module groupings),yes,3,WebSite Organization SoftwareApplication Person ItemList BreadcrumbList,improve
https://www.codesparring.dev/learn/system-design/case-studies,200,level-index,yes,self,Level 10: Applied Case Studies,Level 10: Applied Case Studies · Learn System Design | CodeSparring,yes (163),Level 10: Applied Case Studies,"SSR (no global header/footer in initial HTML: 16-23 anchors, exit only to track + home)",unique (level overview + module groupings),yes,6,WebSite Organization SoftwareApplication Person ItemList BreadcrumbList,improve
https://www.codesparring.dev/learn/system-design/specialized-systems,200,level-index,yes,self,Level 11: Specialized & Frontier Systems,Level 11: Specialized & Frontier Systems · Learn System Design | CodeSparring,yes (137),Level 11: Specialized & Frontier Systems,"SSR (no global header/footer in initial HTML: 16-23 anchors, exit only to track + home)",unique (level overview + module groupings),yes,3,WebSite Organization SoftwareApplication Person ItemList BreadcrumbList,improve
https://www.codesparring.dev/learn/python/fundamentals/py-l1-hello,200,lesson-python,yes,self,Your first program: print & comments,Your first program: print & comments | CodeSparring,yes (75),Your first program: print & comments,SSR (verified: teach prose in initial HTML),unique (0.10 jaccard vs any sibling = chrome baseline),yes,3,"WebSite,Organization,SoftwareApplication,Person,BreadcrumbList,Article",keep
https://www.codesparring.dev/learn/python/fundamentals/py-l1-temperature,200,lesson-python,yes,self,Functions & return values,Functions & return values · Learn Python | CodeSparring,yes (64),Functions & return values,SSR (verified: teach prose in initial HTML),unique (0.10 jaccard vs any sibling = chrome baseline),yes,4,"WebSite,Organization,SoftwareApplication,Person,BreadcrumbList,Article",keep
https://www.codesparring.dev/learn/python/fundamentals/py-l1-variables,200,lesson-python,yes,self,Variables & assignment,Variables & assignment · Learn Python | CodeSparring,yes (72),Variables & assignment,SSR (verified: teach prose in initial HTML),unique (0.10 jaccard vs any sibling = chrome baseline),yes,4,"WebSite,Organization,SoftwareApplication,Person,BreadcrumbList,Article",keep
https://www.codesparring.dev/learn/python/fundamentals/py-l1-environments,200 (template-derived),lesson-python,yes,self,Running Python & installing packages,Running Python & installing packages | CodeSparring,yes (85),Running Python & installing packages,SSR (template-derived from sampled lessons of the same route),unique (0.10 jaccard vs any sibling = chrome baseline),yes,4,"WebSite,Organization,SoftwareApplication,Person,BreadcrumbList,Article",keep
https://www.codesparring.dev/learn/python/fundamentals/py-l1-numbers,200 (template-derived),lesson-python,yes,self,"Ints, floats & arithmetic","Ints, floats & arithmetic · Learn Python | CodeSparring",yes (70),"Ints, floats & arithmetic",SSR (template-derived from sampled lessons of the same route),unique (0.10 jaccard vs any sibling = chrome baseline),yes,5,"WebSite,Organization,SoftwareApplication,Person,BreadcrumbList,Article",keep
https://www.codesparring.dev/learn/python/fundamentals/py-l1-bool-none-convert,200 (template-derived),lesson-python,yes,self,"Booleans, None & type conversion","Booleans, None & type conversion | CodeSparring",yes (76),"Booleans, None & type conversion",SSR (template-derived from sampled lessons of the same route),unique (0.10 jaccard vs any sibling = chrome baseline),yes,4,"WebSite,Organization,SoftwareApplication,Person,BreadcrumbList,Article",keep
https://www.codesparring.dev/learn/python/fundamentals/py-l1-identity-equality,200 (template-derived),lesson-python,yes,self,is vs == and checking for None,is vs == and checking for None · Learn Python | CodeSparring,yes (78),is vs == and checking for None,SSR (template-derived from sampled lessons of the same route),unique (0.10 jaccard vs any sibling = chrome baseline),yes,4,"WebSite,Organization,SoftwareApplication,Person,BreadcrumbList,Article",keep
https://www.codesparring.dev/learn/python/fundamentals/py-l1-strings-index,200 (template-derived),lesson-python,yes,self,String indexing & slicing,String indexing & slicing · Learn Python | CodeSparring,yes (61),String indexing & slicing,SSR (template-derived from sampled lessons of the same route),unique (0.10 jaccard vs any sibling = chrome baseline),yes,24,"WebSite,Organization,SoftwareApplication,Person,BreadcrumbList,Article",keep
https://www.codesparring.dev/learn/python/fundamentals/py-l1-strings-methods,200 (template-derived),lesson-python,yes,self,String methods & f-strings,String methods & f-strings · Learn Python | CodeSparring,yes (70),String methods & f-strings,SSR (template-derived from sampled lessons of the same route),unique (0.10 jaccard vs any sibling = chrome baseline),yes,21,"WebSite,Organization,SoftwareApplication,Person,BreadcrumbList,Article",keep
https://www.codesparring.dev/learn/python/fundamentals/py-l1-lists,200 (template-derived),lesson-python,yes,self,Lists,Lists · Learn Python | CodeSparring,yes (67),Lists,SSR (template-derived from sampled lessons of the same route),unique (0.10 jaccard vs any sibling = chrome baseline),yes,8,"WebSite,Organization,SoftwareApplication,Person,BreadcrumbList,Article",keep
https://www.codesparring.dev/learn/python/fundamentals/py-l1-tuples-sets,200 (template-derived),lesson-python,yes,self,Tuples & sets,Tuples & sets · Learn Python | CodeSparring,yes (63),Tuples & sets,SSR (template-derived from sampled lessons of the same route),unique (0.10 jaccard vs any sibling = chrome baseline),yes,41,"WebSite,Organization,SoftwareApplication,Person,BreadcrumbList,Article",keep
https://www.codesparring.dev/learn/python/fundamentals/py-l1-dicts,200 (template-derived),lesson-python,yes,self,Dictionaries,Dictionaries · Learn Python | CodeSparring,yes (64),Dictionaries,SSR (template-derived from sampled lessons of the same route),unique (0.10 jaccard vs any sibling = chrome baseline),yes,42,"WebSite,Organization,SoftwareApplication,Person,BreadcrumbList,Article",keep
https://www.codesparring.dev/learn/python/fundamentals/py-l1-conditionals,200 (template-derived),lesson-python,yes,self,if / elif / else & logical operators,if / elif / else & logical operators | CodeSparring,yes (58),if / elif / else & logical operators,SSR (template-derived from sampled lessons of the same route),unique (0.10 jaccard vs any sibling = chrome baseline),yes,4,"WebSite,Organization,SoftwareApplication,Person,BreadcrumbList,Article",keep
https://www.codesparring.dev/learn/python/fundamentals/py-l1-syntax-shorthands,200 (template-derived),lesson-python,yes,self,"Small syntax that shows up everywhere: ternary, swap & match","Small syntax that shows up everywhere: ternary, swap & match",yes (83),"Small syntax that shows up everywhere: ternary, swap & match",SSR (template-derived from sampled lessons of the same route),unique (0.10 jaccard vs any sibling = chrome baseline),yes,4,"WebSite,Organization,SoftwareApplication,Person,BreadcrumbList,Article",keep
https://www.codesparring.dev/learn/python/fundamentals/py-l1-loops,200 (template-derived),lesson-python,yes,self,"for, while, range & break/continue","for, while, range & break/continue | CodeSparring",yes (63),"for, while, range & break/continue",SSR (template-derived from sampled lessons of the same route),unique (0.10 jaccard vs any sibling = chrome baseline),yes,5,"WebSite,Organization,SoftwareApplication,Person,BreadcrumbList,Article",keep
https://www.codesparring.dev/learn/python/fundamentals/py-l1-loop-idioms,200 (template-derived),lesson-python,yes,self,"Looping like a Pythonista: enumerate, zip & items","Looping like a Pythonista: enumerate, zip & items",yes (90),"Looping like a Pythonista: enumerate, zip & items",SSR (template-derived from sampled lessons of the same route),unique (0.10 jaccard vs any sibling = chrome baseline),yes,5,"WebSite,Organization,SoftwareApplication,Person,BreadcrumbList,Article",keep
https://www.codesparring.dev/learn/python/fundamentals/py-l1-functions,200 (template-derived),lesson-python,yes,self,"Functions, parameters & defaults","Functions, parameters & defaults | CodeSparring",yes (70),"Functions, parameters & defaults",SSR (template-derived from sampled lessons of the same route),unique (0.10 jaccard vs any sibling = chrome baseline),yes,4,"WebSite,Organization,SoftwareApplication,Person,BreadcrumbList,Article",keep
https://www.codesparring.dev/learn/python/fundamentals/py-l1-debugging,200 (template-derived),lesson-python,yes,self,Debugging: reading a traceback & stepping with breakpoint(),Debugging: reading a traceback & stepping with breakpoint(),yes (85),Debugging: reading a traceback & stepping with breakpoint(),SSR (template-derived from sampled lessons of the same route),unique (0.10 jaccard vs any sibling = chrome baseline),yes,4,"WebSite,Organization,SoftwareApplication,Person,BreadcrumbList,Article",keep
https://www.codesparring.dev/learn/python/fundamentals/py-l1-references-copy,200 (template-derived),lesson-python,yes,self,"References, copies & the mutable-default trap","References, copies & the mutable-default trap | CodeSparring",yes (99),"References, copies & the mutable-default trap",SSR (template-derived from sampled lessons of the same route),unique (0.10 jaccard vs any sibling = chrome baseline),yes,8,"WebSite,Organization,SoftwareApplication,Person,BreadcrumbList,Article",keep
https://www.codesparring.dev/learn/python/fundamentals/py-l1-complexity-choice,200 (template-derived),lesson-python,yes,self,Choosing the right data structure,Choosing the right data structure | CodeSparring,yes (78),Choosing the right data structure,SSR (template-derived from sampled lessons of the same route),unique (0.10 jaccard vs any sibling = chrome baseline),yes,18,"WebSite,Organization,SoftwareApplication,Person,BreadcrumbList,Article",keep
https://www.codesparring.dev/learn/python/fundamentals/py-l1-recursion,200 (template-derived),lesson-python,yes,self,Recursion: a function that calls itself,Recursion: a function that calls itself | CodeSparring,yes (82),Recursion: a function that calls itself,SSR (template-derived from sampled lessons of the same route),unique (0.10 jaccard vs any sibling = chrome baseline),yes,39,"WebSite,Organization,SoftwareApplication,Person,BreadcrumbList,Article",keep
https://www.codesparring.dev/learn/python/intermediate/py-l2-comprehensions,200 (template-derived),lesson-python,yes,self,"List, dict & set comprehensions","List, dict & set comprehensions | CodeSparring",yes (60),"List, dict & set comprehensions",SSR (template-derived from sampled lessons of the same route),unique (0.10 jaccard vs any sibling = chrome baseline),yes,4,"WebSite,Organization,SoftwareApplication,Person,BreadcrumbList,Article",keep
https://www.codesparring.dev/learn/python/intermediate/py-l2-generators,200 (template-derived),lesson-python,yes,self,"Generators, yield & iterators","Generators, yield & iterators · Learn Python | CodeSparring",yes (53),"Generators, yield & iterators",SSR (template-derived from sampled lessons of the same route),unique (0.10 jaccard vs any sibling = chrome baseline),yes,4,"WebSite,Organization,SoftwareApplication,Person,BreadcrumbList,Article",keep
https://www.codesparring.dev/learn/python/intermediate/py-l2-args-kwargs,200 (template-derived),lesson-python,yes,self,"*args, **kwargs & unpacking","*args, **kwargs & unpacking · Learn Python | CodeSparring",yes (87),"*args, **kwargs & unpacking",SSR (template-derived from sampled lessons of the same route),unique (0.10 jaccard vs any sibling = chrome baseline),yes,4,"WebSite,Organization,SoftwareApplication,Person,BreadcrumbList,Article",keep
https://www.codesparring.dev/learn/python/intermediate/py-l2-lambdas-hof,200 (template-derived),lesson-python,yes,self,Lambdas & higher-order functions,Lambdas & higher-order functions | CodeSparring,yes (59),Lambdas & higher-order functions,SSR (template-derived from sampled lessons of the same route),unique (0.10 jaccard vs any sibling = chrome baseline),yes,12,"WebSite,Organization,SoftwareApplication,Person,BreadcrumbList,Article",keep
https://www.codesparring.dev/learn/python/intermediate/py-l2-closures-decorators,200 (template-derived),lesson-python,yes,self,"Scope, closures & decorators","Scope, closures & decorators · Learn Python | CodeSparring",yes (63),"Scope, closures & decorators",SSR (template-derived from sampled lessons of the same route),unique (0.10 jaccard vs any sibling = chrome baseline),yes,4,"WebSite,Organization,SoftwareApplication,Person,BreadcrumbList,Article",keep
https://www.codesparring.dev/learn/python/intermediate/py-l2-classes,200 (template-derived),lesson-python,yes,self,"Classes, __init__, methods & self","Classes, __init__, methods & self | CodeSparring",yes (48),"Classes, __init__, methods & self",SSR (template-derived from sampled lessons of the same route),unique (0.10 jaccard vs any sibling = chrome baseline),yes,4,"WebSite,Organization,SoftwareApplication,Person,BreadcrumbList,Article",keep
https://www.codesparring.dev/learn/python/intermediate/py-l2-inheritance-composition,200 (template-derived),lesson-python,yes,self,Inheritance & composition,Inheritance & composition · Learn Python | CodeSparring,yes (75),Inheritance & composition,SSR (template-derived from sampled lessons of the same route),unique (0.10 jaccard vs any sibling = chrome baseline),yes,4,"WebSite,Organization,SoftwareApplication,Person,BreadcrumbList,Article",keep
https://www.codesparring.dev/learn/python/intermediate/py-l2-dunder-properties,200 (template-derived),lesson-python,yes,self,Dunder methods & properties,Dunder methods & properties · Learn Python | CodeSparring,yes (82),Dunder methods & properties,SSR (template-derived from sampled lessons of the same route),unique (0.10 jaccard vs any sibling = chrome baseline),yes,4,"WebSite,Organization,SoftwareApplication,Person,BreadcrumbList,Article",keep
https://www.codesparring.dev/learn/python/intermediate/py-l2-classmethod-staticmethod,200 (template-derived),lesson-python,yes,self,"Class methods, static methods & class attributes","Class methods, static methods & class attributes",yes (93),"Class methods, static methods & class attributes",SSR (template-derived from sampled lessons of the same route),unique (0.10 jaccard vs any sibling = chrome baseline),yes,4,"WebSite,Organization,SoftwareApplication,Person,BreadcrumbList,Article",keep
https://www.codesparring.dev/learn/python/intermediate/py-l2-container-context-protocols,200 (template-derived),lesson-python,yes,self,Container & context protocols,Container & context protocols · Learn Python | CodeSparring,yes (89),Container & context protocols,SSR (template-derived from sampled lessons of the same route),unique (0.10 jaccard vs any sibling = chrome baseline),yes,4,"WebSite,Organization,SoftwareApplication,Person,BreadcrumbList,Article",keep
https://www.codesparring.dev/learn/python/intermediate/py-l2-dataclasses-enums,200 (template-derived),lesson-python,yes,self,"Dataclasses, enums & typing basics","Dataclasses, enums & typing basics | CodeSparring",yes (77),"Dataclasses, enums & typing basics",SSR (template-derived from sampled lessons of the same route),unique (0.10 jaccard vs any sibling = chrome baseline),yes,4,"WebSite,Organization,SoftwareApplication,Person,BreadcrumbList,Article",keep
https://www.codesparring.dev/learn/python/intermediate/py-l2-exceptions,200 (template-derived),lesson-python,yes,self,try / except / finally & custom exceptions,try / except / finally & custom exceptions | CodeSparring,yes (69),try / except / finally & custom exceptions,SSR (template-derived from sampled lessons of the same route),unique (0.10 jaccard vs any sibling = chrome baseline),yes,4,"WebSite,Organization,SoftwareApplication,Person,BreadcrumbList,Article",keep
https://www.codesparring.dev/learn/python/intermediate/py-l2-files-json-csv,200 (template-derived),lesson-python,yes,self,"Context managers, JSON & CSV","Context managers, JSON & CSV · Learn Python | CodeSparring",yes (60),"Context managers, JSON & CSV",SSR (template-derived from sampled lessons of the same route),unique (0.10 jaccard vs any sibling = chrome baseline),yes,4,"WebSite,Organization,SoftwareApplication,Person,BreadcrumbList,Article",keep
https://www.codesparring.dev/learn/python/intermediate/py-l2-writing-files,200 (template-derived),lesson-python,yes,self,Writing files without losing them,Writing files without losing them | CodeSparring,yes (104),Writing files without losing them,SSR (template-derived from sampled lessons of the same route),unique (0.10 jaccard vs any sibling = chrome baseline),yes,4,"WebSite,Organization,SoftwareApplication,Person,BreadcrumbList,Article",keep
https://www.codesparring.dev/learn/python/intermediate/py-l2-text-and-bytes,200 (template-derived),lesson-python,yes,self,Text is bytes underneath,Text is bytes underneath · Learn Python | CodeSparring,yes (90),Text is bytes underneath,SSR (template-derived from sampled lessons of the same route),unique (0.10 jaccard vs any sibling = chrome baseline),yes,4,"WebSite,Organization,SoftwareApplication,Person,BreadcrumbList,Article",keep
https://www.codesparring.dev/learn/python/intermediate/py-l2-modules,200 (template-derived),lesson-python,yes,self,"Modules, imports & the standard library","Modules, imports & the standard library | CodeSparring",yes (76),"Modules, imports & the standard library",SSR (template-derived from sampled lessons of the same route),unique (0.10 jaccard vs any sibling = chrome baseline),yes,4,"WebSite,Organization,SoftwareApplication,Person,BreadcrumbList,Article",keep
https://www.codesparring.dev/learn/python/intermediate/py-l2-regex,200 (template-derived),lesson-python,yes,self,Pattern-matching text with re,Pattern-matching text with re · Learn Python | CodeSparring,yes (66),Pattern-matching text with re,SSR (template-derived from sampled lessons of the same route),unique (0.10 jaccard vs any sibling = chrome baseline),yes,5,"WebSite,Organization,SoftwareApplication,Person,BreadcrumbList,Article",keep
https://www.codesparring.dev/learn/python/intermediate/py-l2-collections,200 (template-derived),lesson-python,yes,self,"Counter, defaultdict & deque","Counter, defaultdict & deque · Learn Python | CodeSparring",yes (96),"Counter, defaultdict & deque",SSR (template-derived from sampled lessons of the same route),unique (0.10 jaccard vs any sibling = chrome baseline),yes,21,"WebSite,Organization,SoftwareApplication,Person,BreadcrumbList,Article",keep
https://www.codesparring.dev/learn/python/intermediate/py-l2-datetimes,200 (template-derived),lesson-python,yes,self,"Dates, times & the naive-vs-aware trap","Dates, times & the naive-vs-aware trap | CodeSparring",yes (82),"Dates, times & the naive-vs-aware trap",SSR (template-derived from sampled lessons of the same route),unique (0.10 jaccard vs any sibling = chrome baseline),yes,4,"WebSite,Organization,SoftwareApplication,Person,BreadcrumbList,Article",keep
https://www.codesparring.dev/learn/python/intermediate/py-l2-itertools,200 (template-derived),lesson-python,yes,self,"itertools: chain, islice, groupby & product","itertools: chain, islice, groupby & product | CodeSparring",yes (91),"itertools: chain, islice, groupby & product",SSR (template-derived from sampled lessons of the same route),unique (0.10 jaccard vs any sibling = chrome baseline),yes,4,"WebSite,Organization,SoftwareApplication,Person,BreadcrumbList,Article",keep
https://www.codesparring.dev/learn/python/intermediate/py-l2-fetching-json,200 (template-derived),lesson-python,yes,self,Fetching JSON from an API,Fetching JSON from an API · Learn Python | CodeSparring,yes (100),Fetching JSON from an API,SSR (template-derived from sampled lessons of the same route),unique (0.10 jaccard vs any sibling = chrome baseline),yes,3,"WebSite,Organization,SoftwareApplication,Person,BreadcrumbList,Article",keep
https://www.codesparring.dev/learn/python/applied/py-l3-packages,200 (template-derived),lesson-python,yes,self,"Modules, packages & project layout","Modules, packages & project layout | CodeSparring",yes (86),"Modules, packages & project layout",SSR (template-derived from sampled lessons of the same route),unique (0.10 jaccard vs any sibling = chrome baseline),yes,3,"WebSite,Organization,SoftwareApplication,Person,BreadcrumbList,Article",keep
https://www.codesparring.dev/learn/python/applied/py-l3-parse-config,200 (template-derived),lesson-python,yes,self,Working across files,Working across files · Learn Python | CodeSparring,yes (83),Working across files,SSR (template-derived from sampled lessons of the same route),unique (0.10 jaccard vs any sibling = chrome baseline),yes,4,"WebSite,Organization,SoftwareApplication,Person,BreadcrumbList,Article",keep
https://www.codesparring.dev/learn/python/applied/py-l3-type-hints,200 (template-derived),lesson-python,yes,self,Type hints on functions & classes,Type hints on functions & classes | CodeSparring,yes (72),Type hints on functions & classes,SSR (template-derived from sampled lessons of the same route),unique (0.10 jaccard vs any sibling = chrome baseline),yes,4,"WebSite,Organization,SoftwareApplication,Person,BreadcrumbList,Article",keep
https://www.codesparring.dev/learn/python/applied/py-l3-typing-module,200 (template-derived),lesson-python,yes,self,"typing: Optional, Union, generics & Protocols","typing: Optional, Union, generics & Protocols | CodeSparring",yes (83),"typing: Optional, Union, generics & Protocols",SSR (template-derived from sampled lessons of the same route),unique (0.10 jaccard vs any sibling = chrome baseline),yes,4,"WebSite,Organization,SoftwareApplication,Person,BreadcrumbList,Article",keep
https://www.codesparring.dev/learn/python/applied/py-l3-pytest-basics,200 (template-derived),lesson-python,yes,self,pytest assertions & structure,pytest assertions & structure · Learn Python | CodeSparring,yes (127),pytest assertions & structure,SSR (template-derived from sampled lessons of the same route),unique (0.10 jaccard vs any sibling = chrome baseline),yes,4,"WebSite,Organization,SoftwareApplication,Person,BreadcrumbList,Article",keep
https://www.codesparring.dev/learn/python/applied/py-l3-pytest-fixtures,200 (template-derived),lesson-python,yes,self,Fixtures & parametrize,Fixtures & parametrize · Learn Python | CodeSparring,yes (87),Fixtures & parametrize,SSR (template-derived from sampled lessons of the same route),unique (0.10 jaccard vs any sibling = chrome baseline),yes,4,"WebSite,Organization,SoftwareApplication,Person,BreadcrumbList,Article",keep
https://www.codesparring.dev/learn/python/applied/py-l3-pathlib,200 (template-derived),lesson-python,yes,self,pathlib & file processing,pathlib & file processing · Learn Python | CodeSparring,yes (56),pathlib & file processing,SSR (template-derived from sampled lessons of the same route),unique (0.10 jaccard vs any sibling = chrome baseline),yes,4,"WebSite,Organization,SoftwareApplication,Person,BreadcrumbList,Article",keep
https://www.codesparring.dev/learn/python/applied/py-l3-logging-errors,200 (template-derived),lesson-python,yes,self,Error boundaries & logging habits,Error boundaries & logging habits | CodeSparring,yes (64),Error boundaries & logging habits,SSR (template-derived from sampled lessons of the same route),unique (0.10 jaccard vs any sibling = chrome baseline),yes,4,"WebSite,Organization,SoftwareApplication,Person,BreadcrumbList,Article",keep
https://www.codesparring.dev/learn/python/applied/py-l3-cli,200 (template-derived),lesson-python,yes,self,Building a CLI: argparse and dispatching argv,Building a CLI: argparse and dispatching argv | CodeSparring,yes (61),Building a CLI: argparse and dispatching argv,SSR (template-derived from sampled lessons of the same route),unique (0.10 jaccard vs any sibling = chrome baseline),yes,4,"WebSite,Organization,SoftwareApplication,Person,BreadcrumbList,Article",keep
https://www.codesparring.dev/learn/python/applied/py-l3-rest-pydantic,200 (template-derived),lesson-python,yes,self,Validating API data at the boundary (httpx/pydantic preview),Validating API data at the boundary (httpx/pydantic preview),yes (71),Validating API data at the boundary (httpx/pydantic preview),SSR (template-derived from sampled lessons of the same route),unique (0.10 jaccard vs any sibling = chrome baseline),yes,4,"WebSite,Organization,SoftwareApplication,Person,BreadcrumbList,Article",keep
https://www.codesparring.dev/learn/python/applied/py-l3-sqlite-parameterized,200 (template-derived),lesson-python,yes,self,sqlite3 and parameterized queries from Python,sqlite3 and parameterized queries from Python | CodeSparring,yes (90),sqlite3 and parameterized queries from Python,SSR (template-derived from sampled lessons of the same route),unique (0.10 jaccard vs any sibling = chrome baseline),yes,4,"WebSite,Organization,SoftwareApplication,Person,BreadcrumbList,Article",keep
https://www.codesparring.dev/learn/python/applied/py-l3-uv-pyproject-capstone,200 (template-derived),lesson-python,yes,self,"Dependencies, pyproject & a mini capstone","Dependencies, pyproject & a mini capstone | CodeSparring",yes (75),"Dependencies, pyproject & a mini capstone",SSR (template-derived from sampled lessons of the same route),unique (0.10 jaccard vs any sibling = chrome baseline),yes,4,"WebSite,Organization,SoftwareApplication,Person,BreadcrumbList,Article",keep
https://www.codesparring.dev/learn/python/applied/py-l3-numpy-arrays,200 (template-derived),lesson-python,yes,self,"numpy: arrays, dtypes & whole-array operations","numpy: arrays, dtypes & whole-array operations",yes (78),"numpy: arrays, dtypes & whole-array operations",SSR (template-derived from sampled lessons of the same route),unique (0.10 jaccard vs any sibling = chrome baseline),yes,4,"WebSite,Organization,SoftwareApplication,Person,BreadcrumbList,Article",keep
https://www.codesparring.dev/learn/python/applied/py-l3-pandas-dataframes,200 (template-derived),lesson-python,yes,self,"pandas: DataFrames, filtering & groupby","pandas: DataFrames, filtering & groupby | CodeSparring",yes (79),"pandas: DataFrames, filtering & groupby",SSR (template-derived from sampled lessons of the same route),unique (0.10 jaccard vs any sibling = chrome baseline),yes,3,"WebSite,Organization,SoftwareApplication,Person,BreadcrumbList,Article",keep
https://www.codesparring.dev/learn/python/engineering/py-l4-abc-protocols,200 (template-derived),lesson-python,yes,self,ABCs & Protocols,ABCs & Protocols · Learn Python | CodeSparring,yes (73),ABCs & Protocols,SSR (template-derived from sampled lessons of the same route),unique (0.10 jaccard vs any sibling = chrome baseline),yes,3,"WebSite,Organization,SoftwareApplication,Person,BreadcrumbList,Article",keep
https://www.codesparring.dev/learn/python/engineering/py-l4-solid-patterns,200 (template-derived),lesson-python,yes,self,"SOLID & design patterns (factory, strategy)","SOLID & design patterns (factory, strategy) | CodeSparring",yes (70),"SOLID & design patterns (factory, strategy)",SSR (template-derived from sampled lessons of the same route),unique (0.10 jaccard vs any sibling = chrome baseline),yes,4,"WebSite,Organization,SoftwareApplication,Person,BreadcrumbList,Article",keep
https://www.codesparring.dev/learn/python/engineering/py-l4-decorators-advanced,200 (template-derived),lesson-python,yes,self,Decorators with arguments & functools.wraps,Decorators with arguments & functools.wraps | CodeSparring,yes (82),Decorators with arguments & functools.wraps,SSR (template-derived from sampled lessons of the same route),unique (0.10 jaccard vs any sibling = chrome baseline),yes,4,"WebSite,Organization,SoftwareApplication,Person,BreadcrumbList,Article",keep
https://www.codesparring.dev/learn/python/engineering/py-l4-descriptors-metaclasses,200 (template-derived),lesson-python,yes,self,Descriptors & a peek at metaclasses,Descriptors & a peek at metaclasses | CodeSparring,yes (84),Descriptors & a peek at metaclasses,SSR (template-derived from sampled lessons of the same route),unique (0.10 jaccard vs any sibling = chrome baseline),yes,4,"WebSite,Organization,SoftwareApplication,Person,BreadcrumbList,Article",keep
https://www.codesparring.dev/learn/python/engineering/py-l4-concurrency,200 (template-derived),lesson-python,yes,self,"Threads, the GIL & concurrent.futures","Threads, the GIL & concurrent.futures | CodeSparring",yes (70),"Threads, the GIL & concurrent.futures",SSR (template-derived from sampled lessons of the same route),unique (0.10 jaccard vs any sibling = chrome baseline),yes,4,"WebSite,Organization,SoftwareApplication,Person,BreadcrumbList,Article",keep
https://www.codesparring.dev/learn/python/engineering/py-l4-asyncio,200 (template-derived),lesson-python,yes,self,async / await & asyncio,async / await & asyncio · Learn Python | CodeSparring,yes (67),async / await & asyncio,SSR (template-derived from sampled lessons of the same route),unique (0.10 jaccard vs any sibling = chrome baseline),yes,4,"WebSite,Organization,SoftwareApplication,Person,BreadcrumbList,Article",keep
https://www.codesparring.dev/learn/python/engineering/py-l4-performance,200 (template-derived),lesson-python,yes,self,"Profiling, complexity & caching","Profiling, complexity & caching | CodeSparring",yes (76),"Profiling, complexity & caching",SSR (template-derived from sampled lessons of the same route),unique (0.10 jaccard vs any sibling = chrome baseline),yes,17,"WebSite,Organization,SoftwareApplication,Person,BreadcrumbList,Article",keep
https://www.codesparring.dev/learn/python/engineering/py-l4-config-logging,200 (template-derived),lesson-python,yes,self,"Configuration, secrets & structured logging","Configuration, secrets & structured logging | CodeSparring",yes (86),"Configuration, secrets & structured logging",SSR (template-derived from sampled lessons of the same route),unique (0.10 jaccard vs any sibling = chrome baseline),yes,4,"WebSite,Organization,SoftwareApplication,Person,BreadcrumbList,Article",keep
https://www.codesparring.dev/learn/python/engineering/py-l4-testing-tooling,200 (template-derived),lesson-python,yes,self,"Mocking, coverage & modern tooling","Mocking, coverage & modern tooling | CodeSparring",yes (83),"Mocking, coverage & modern tooling",SSR (template-derived from sampled lessons of the same route),unique (0.10 jaccard vs any sibling = chrome baseline),yes,4,"WebSite,Organization,SoftwareApplication,Person,BreadcrumbList,Article",keep
https://www.codesparring.dev/learn/python/engineering/py-l4-packaging-capstone,200 (template-derived),lesson-python,yes,self,Packaging & a production capstone,Packaging & a production capstone | CodeSparring,yes (76),Packaging & a production capstone,SSR (template-derived from sampled lessons of the same route),unique (0.10 jaccard vs any sibling = chrome baseline),yes,3,"WebSite,Organization,SoftwareApplication,Person,BreadcrumbList,Article",keep
https://www.codesparring.dev/learn/python/verification/py-l5-trace-first,200 (template-derived),lesson-python,yes,self,Trace it before you run it,Trace it before you run it · Learn Python | CodeSparring,yes (99),Trace it before you run it,SSR (template-derived from sampled lessons of the same route),unique (0.10 jaccard vs any sibling = chrome baseline),yes,3,"WebSite,Organization,SoftwareApplication,Person,BreadcrumbList,Article",keep
https://www.codesparring.dev/learn/python/verification/py-l5-happy-path,200 (template-derived),lesson-python,yes,self,The happy path is not the test,The happy path is not the test · Learn Python | CodeSparring,yes (137),The happy path is not the test,SSR (template-derived from sampled lessons of the same route),unique (0.10 jaccard vs any sibling = chrome baseline),yes,4,"WebSite,Organization,SoftwareApplication,Person,BreadcrumbList,Article",keep
https://www.codesparring.dev/learn/python/verification/py-l5-failure-signatures,200 (template-derived),lesson-python,yes,self,The failure signatures of generated code,The failure signatures of generated code | CodeSparring,yes (143),The failure signatures of generated code,SSR (template-derived from sampled lessons of the same route),unique (0.10 jaccard vs any sibling = chrome baseline),yes,4,"WebSite,Organization,SoftwareApplication,Person,BreadcrumbList,Article",keep
https://www.codesparring.dev/learn/python/verification/py-l5-failing-test,200 (template-derived),lesson-python,yes,self,Write the test that catches the bug,Write the test that catches the bug | CodeSparring,yes (127),Write the test that catches the bug,SSR (template-derived from sampled lessons of the same route),unique (0.10 jaccard vs any sibling = chrome baseline),yes,4,"WebSite,Organization,SoftwareApplication,Person,BreadcrumbList,Article",keep
https://www.codesparring.dev/learn/python/verification/py-l5-properties,200 (template-derived),lesson-python,yes,self,Properties catch what examples miss,Properties catch what examples miss | CodeSparring,yes (130),Properties catch what examples miss,SSR (template-derived from sampled lessons of the same route),unique (0.10 jaccard vs any sibling = chrome baseline),yes,4,"WebSite,Organization,SoftwareApplication,Person,BreadcrumbList,Article",keep
https://www.codesparring.dev/learn/python/verification/py-l5-oracle,200 (template-derived),lesson-python,yes,self,Check it against a version that is obviously correct,Check it against a version that is obviously correct,yes (149),Check it against a version that is obviously correct,SSR (template-derived from sampled lessons of the same route),unique (0.10 jaccard vs any sibling = chrome baseline),yes,4,"WebSite,Organization,SoftwareApplication,Person,BreadcrumbList,Article",keep
https://www.codesparring.dev/learn/python/verification/py-l5-shrink,200 (template-derived),lesson-python,yes,self,Shrink the failing input,Shrink the failing input · Learn Python | CodeSparring,yes (129),Shrink the failing input,SSR (template-derived from sampled lessons of the same route),unique (0.10 jaccard vs any sibling = chrome baseline),yes,13,"WebSite,Organization,SoftwareApplication,Person,BreadcrumbList,Article",keep
https://www.codesparring.dev/learn/python/verification/py-l5-repair-not-rewrite,200 (template-derived),lesson-python,yes,self,"Repair, do not rewrite","Repair, do not rewrite · Learn Python | CodeSparring",yes (125),"Repair, do not rewrite",SSR (template-derived from sampled lessons of the same route),unique (0.10 jaccard vs any sibling = chrome baseline),yes,4,"WebSite,Organization,SoftwareApplication,Person,BreadcrumbList,Article",keep
https://www.codesparring.dev/learn/python/verification/py-l5-cost,200 (template-derived),lesson-python,yes,self,The cost you asked for is not the cost you got,The cost you asked for is not the cost you got,yes (127),The cost you asked for is not the cost you got,SSR (template-derived from sampled lessons of the same route),unique (0.10 jaccard vs any sibling = chrome baseline),yes,10,"WebSite,Organization,SoftwareApplication,Person,BreadcrumbList,Article",keep
https://www.codesparring.dev/learn/python/verification/py-l5-where-the-rule-lives,200 (template-derived),lesson-python,yes,self,Find where the rule lives,Find where the rule lives · Learn Python | CodeSparring,yes (134),Find where the rule lives,SSR (template-derived from sampled lessons of the same route),unique (0.10 jaccard vs any sibling = chrome baseline),yes,4,"WebSite,Organization,SoftwareApplication,Person,BreadcrumbList,Article",keep
https://www.codesparring.dev/learn/python/verification/py-l5-the-other-caller,200 (template-derived),lesson-python,yes,self,The other caller of the code you changed,The other caller of the code you changed | CodeSparring,yes (155),The other caller of the code you changed,SSR (template-derived from sampled lessons of the same route),unique (0.10 jaccard vs any sibling = chrome baseline),yes,4,"WebSite,Organization,SoftwareApplication,Person,BreadcrumbList,Article",keep
https://www.codesparring.dev/learn/python/verification/py-l5-pin-the-seam,200 (template-derived),lesson-python,yes,self,Pin the seam with a regression test,Pin the seam with a regression test | CodeSparring,yes (143),Pin the seam with a regression test,SSR (template-derived from sampled lessons of the same route),unique (0.10 jaccard vs any sibling = chrome baseline),yes,4,"WebSite,Organization,SoftwareApplication,Person,BreadcrumbList,Article",keep
https://www.codesparring.dev/learn/python/verification/py-l5-unsafe-sink,200 (template-derived),lesson-python,yes,self,"Green tests, unsafe code","Green tests, unsafe code · Learn Python | CodeSparring",yes (155),"Green tests, unsafe code",SSR (template-derived from sampled lessons of the same route),unique (0.10 jaccard vs any sibling = chrome baseline),yes,4,"WebSite,Organization,SoftwareApplication,Person,BreadcrumbList,Article",keep
https://www.codesparring.dev/learn/python/verification/py-l5-model-dependency,200 (template-derived),lesson-python,yes,self,A model call is a network call,A model call is a network call · Learn Python | CodeSparring,yes (136),A model call is a network call,SSR (template-derived from sampled lessons of the same route),unique (0.10 jaccard vs any sibling = chrome baseline),yes,4,"WebSite,Organization,SoftwareApplication,Person,BreadcrumbList,Article",keep
https://www.codesparring.dev/learn/python/verification/py-l5-validate-output,200 (template-derived),lesson-python,yes,self,"Validate the output, always","Validate the output, always · Learn Python | CodeSparring",yes (145),"Validate the output, always",SSR (template-derived from sampled lessons of the same route),unique (0.10 jaccard vs any sibling = chrome baseline),yes,4,"WebSite,Organization,SoftwareApplication,Person,BreadcrumbList,Article",keep
https://www.codesparring.dev/learn/python/verification/py-l5-hallucinated-api,200 (template-derived),lesson-python,yes,self,Hallucinated APIs and methods that mean something else,Hallucinated APIs and methods that mean something else,yes (136),Hallucinated APIs and methods that mean something else,SSR (template-derived from sampled lessons of the same route),unique (0.10 jaccard vs any sibling = chrome baseline),yes,4,"WebSite,Organization,SoftwareApplication,Person,BreadcrumbList,Article",keep
https://www.codesparring.dev/learn/python/verification/py-l5-review-pass,200 (template-derived),lesson-python,yes,self,Ship it or send it back,Ship it or send it back · Learn Python | CodeSparring,yes (115),Ship it or send it back,SSR (template-derived from sampled lessons of the same route),unique (0.10 jaccard vs any sibling = chrome baseline),yes,3,"WebSite,Organization,SoftwareApplication,Person,BreadcrumbList,Article",keep
https://www.codesparring.dev/learn/data-engineering/foundations/sql-l1-select-columns,200,lesson-data-engineering,yes,self,SELECT and Column Aliasing,SELECT and Column Aliasing | CodeSparring,yes (83),SELECT and Column Aliasing,SSR (verified: teach prose in initial HTML),unique (0.10 jaccard vs any sibling = chrome baseline),yes,4,"WebSite,Organization,SoftwareApplication,Person,BreadcrumbList,Article",keep
https://www.codesparring.dev/learn/data-engineering/foundations/sql-l1-expressions,200,lesson-data-engineering,yes,self,Computed Columns and Expressions,Computed Columns and Expressions | CodeSparring,yes (77),Computed Columns and Expressions,SSR (verified: teach prose in initial HTML),unique (0.10 jaccard vs any sibling = chrome baseline),yes,4,"WebSite,Organization,SoftwareApplication,Person,BreadcrumbList,Article",keep
https://www.codesparring.dev/learn/data-engineering/foundations/sql-l1-where-basics,200 (template-derived),lesson-data-engineering,yes,self,WHERE and Comparison Operators,WHERE and Comparison Operators | CodeSparring,yes (51),WHERE and Comparison Operators,SSR (template-derived from sampled lessons of the same route),unique (0.10 jaccard vs any sibling = chrome baseline),yes,4,"WebSite,Organization,SoftwareApplication,Person,BreadcrumbList,Article",keep
https://www.codesparring.dev/learn/data-engineering/foundations/sql-l1-in-between-like,200 (template-derived),lesson-data-engineering,yes,self,"IN, BETWEEN, and LIKE","IN, BETWEEN, and LIKE | CodeSparring",yes (65),"IN, BETWEEN, and LIKE",SSR (template-derived from sampled lessons of the same route),unique (0.10 jaccard vs any sibling = chrome baseline),yes,4,"WebSite,Organization,SoftwareApplication,Person,BreadcrumbList,Article",keep
https://www.codesparring.dev/learn/data-engineering/foundations/sql-l1-null-logic,200 (template-derived),lesson-data-engineering,yes,self,NULLs and Three-Valued Logic,NULLs and Three-Valued Logic | CodeSparring,yes (67),NULLs and Three-Valued Logic,SSR (template-derived from sampled lessons of the same route),unique (0.10 jaccard vs any sibling = chrome baseline),yes,4,"WebSite,Organization,SoftwareApplication,Person,BreadcrumbList,Article",keep
https://www.codesparring.dev/learn/data-engineering/foundations/sql-l1-boolean-and-or,200 (template-derived),lesson-data-engineering,yes,self,Combining Predicates: AND / OR / NOT,Combining Predicates: AND / OR / NOT | CodeSparring,yes (68),Combining Predicates: AND / OR / NOT,SSR (template-derived from sampled lessons of the same route),unique (0.10 jaccard vs any sibling = chrome baseline),yes,4,"WebSite,Organization,SoftwareApplication,Person,BreadcrumbList,Article",keep
https://www.codesparring.dev/learn/data-engineering/foundations/sql-l1-order-by,200 (template-derived),lesson-data-engineering,yes,self,Sorting with ORDER BY,Sorting with ORDER BY | CodeSparring,yes (65),Sorting with ORDER BY,SSR (template-derived from sampled lessons of the same route),unique (0.10 jaccard vs any sibling = chrome baseline),yes,4,"WebSite,Organization,SoftwareApplication,Person,BreadcrumbList,Article",keep
https://www.codesparring.dev/learn/data-engineering/foundations/sql-l1-limit-distinct,200 (template-derived),lesson-data-engineering,yes,self,LIMIT and DISTINCT,LIMIT and DISTINCT · Learn Data Engineering | CodeSparring,yes (63),LIMIT and DISTINCT,SSR (template-derived from sampled lessons of the same route),unique (0.10 jaccard vs any sibling = chrome baseline),yes,4,"WebSite,Organization,SoftwareApplication,Person,BreadcrumbList,Article",keep
https://www.codesparring.dev/learn/data-engineering/foundations/sql-l1-cast-types,200 (template-derived),lesson-data-engineering,yes,self,Data Types and CAST,Data Types and CAST · Learn Data Engineering | CodeSparring,yes (65),Data Types and CAST,SSR (template-derived from sampled lessons of the same route),unique (0.10 jaccard vs any sibling = chrome baseline),yes,4,"WebSite,Organization,SoftwareApplication,Person,BreadcrumbList,Article",keep
https://www.codesparring.dev/learn/data-engineering/foundations/sql-l1-strings,200 (template-derived),lesson-data-engineering,yes,self,String Functions for Cleaning,String Functions for Cleaning | CodeSparring,yes (68),String Functions for Cleaning,SSR (template-derived from sampled lessons of the same route),unique (0.10 jaccard vs any sibling = chrome baseline),yes,4,"WebSite,Organization,SoftwareApplication,Person,BreadcrumbList,Article",keep
https://www.codesparring.dev/learn/data-engineering/foundations/sql-l1-dates,200,lesson-data-engineering,yes,self,Dates and Times in SQLite,Dates and Times in SQLite | CodeSparring,yes (65),Dates and Times in SQLite,SSR (verified: teach prose in initial HTML),unique (0.10 jaccard vs any sibling = chrome baseline),yes,3,"WebSite,Organization,SoftwareApplication,Person,BreadcrumbList,Article",improve
https://www.codesparring.dev/learn/data-engineering/aggregation/sql-l2-aggregates,200 (template-derived),lesson-data-engineering,yes,self,Aggregate Functions,Aggregate Functions · Learn Data Engineering | CodeSparring,yes (67),Aggregate Functions,SSR (template-derived from sampled lessons of the same route),unique (0.10 jaccard vs any sibling = chrome baseline),yes,4,"WebSite,Organization,SoftwareApplication,Person,BreadcrumbList,Article",keep
https://www.codesparring.dev/learn/data-engineering/aggregation/sql-l2-group-by,200 (template-derived),lesson-data-engineering,yes,self,GROUP BY,GROUP BY · Learn Data Engineering | CodeSparring,yes (57),GROUP BY,SSR (template-derived from sampled lessons of the same route),unique (0.10 jaccard vs any sibling = chrome baseline),yes,4,"WebSite,Organization,SoftwareApplication,Person,BreadcrumbList,Article",keep
https://www.codesparring.dev/learn/data-engineering/aggregation/sql-l2-having,200 (template-derived),lesson-data-engineering,yes,self,HAVING: Filtering Groups,HAVING: Filtering Groups | CodeSparring,yes (42),HAVING: Filtering Groups,SSR (template-derived from sampled lessons of the same route),unique (0.10 jaccard vs any sibling = chrome baseline),yes,4,"WebSite,Organization,SoftwareApplication,Person,BreadcrumbList,Article",keep
https://www.codesparring.dev/learn/data-engineering/aggregation/sql-l2-inner-join,200,lesson-data-engineering,yes,self,INNER JOIN and Join Keys,INNER JOIN and Join Keys | CodeSparring,yes (44),INNER JOIN and Join Keys,SSR (verified: teach prose in initial HTML),unique (0.10 jaccard vs any sibling = chrome baseline),yes,4,"WebSite,Organization,SoftwareApplication,Person,BreadcrumbList,Article",keep
https://www.codesparring.dev/learn/data-engineering/aggregation/sql-l2-left-join,200 (template-derived),lesson-data-engineering,yes,self,LEFT JOIN and Preserving Rows,LEFT JOIN and Preserving Rows | CodeSparring,yes (68),LEFT JOIN and Preserving Rows,SSR (template-derived from sampled lessons of the same route),unique (0.10 jaccard vs any sibling = chrome baseline),yes,4,"WebSite,Organization,SoftwareApplication,Person,BreadcrumbList,Article",keep
https://www.codesparring.dev/learn/data-engineering/aggregation/sql-l2-anti-join,200 (template-derived),lesson-data-engineering,yes,self,Anti-Joins: Finding Missing Matches,Anti-Joins: Finding Missing Matches | CodeSparring,yes (76),Anti-Joins: Finding Missing Matches,SSR (template-derived from sampled lessons of the same route),unique (0.10 jaccard vs any sibling = chrome baseline),yes,4,"WebSite,Organization,SoftwareApplication,Person,BreadcrumbList,Article",keep
https://www.codesparring.dev/learn/data-engineering/aggregation/sql-l2-self-join,200 (template-derived),lesson-data-engineering,yes,self,Self-Joins and RIGHT/FULL OUTER,Self-Joins and RIGHT/FULL OUTER | CodeSparring,yes (66),Self-Joins and RIGHT/FULL OUTER,SSR (template-derived from sampled lessons of the same route),unique (0.10 jaccard vs any sibling = chrome baseline),yes,4,"WebSite,Organization,SoftwareApplication,Person,BreadcrumbList,Article",keep
https://www.codesparring.dev/learn/data-engineering/aggregation/sql-l2-set-ops,200 (template-derived),lesson-data-engineering,yes,self,"UNION, INTERSECT, EXCEPT","UNION, INTERSECT, EXCEPT | CodeSparring",yes (45),"UNION, INTERSECT, EXCEPT",SSR (template-derived from sampled lessons of the same route),unique (0.10 jaccard vs any sibling = chrome baseline),yes,4,"WebSite,Organization,SoftwareApplication,Person,BreadcrumbList,Article",keep
https://www.codesparring.dev/learn/data-engineering/aggregation/sql-l2-subqueries,200 (template-derived),lesson-data-engineering,yes,self,"Subqueries: Scalar, IN, and Correlated","Subqueries: Scalar, IN, and Correlated | CodeSparring",yes (73),"Subqueries: Scalar, IN, and Correlated",SSR (template-derived from sampled lessons of the same route),unique (0.10 jaccard vs any sibling = chrome baseline),yes,4,"WebSite,Organization,SoftwareApplication,Person,BreadcrumbList,Article",keep
https://www.codesparring.dev/learn/data-engineering/aggregation/sql-l2-ctes,200 (template-derived),lesson-data-engineering,yes,self,CTEs: Readable Multi-Step Queries,CTEs: Readable Multi-Step Queries | CodeSparring,yes (61),CTEs: Readable Multi-Step Queries,SSR (template-derived from sampled lessons of the same route),unique (0.10 jaccard vs any sibling = chrome baseline),yes,4,"WebSite,Organization,SoftwareApplication,Person,BreadcrumbList,Article",keep
https://www.codesparring.dev/learn/data-engineering/aggregation/sql-l2-case,200 (template-derived),lesson-data-engineering,yes,self,CASE: Conditional Columns,CASE: Conditional Columns | CodeSparring,yes (57),CASE: Conditional Columns,SSR (template-derived from sampled lessons of the same route),unique (0.10 jaccard vs any sibling = chrome baseline),yes,3,"WebSite,Organization,SoftwareApplication,Person,BreadcrumbList,Article",keep
https://www.codesparring.dev/learn/data-engineering/modeling/sql-l3-ddl-create,200 (template-derived),lesson-data-engineering,yes,self,CREATE TABLE and Data Types,CREATE TABLE and Data Types | CodeSparring,yes (68),CREATE TABLE and Data Types,SSR (template-derived from sampled lessons of the same route),unique (0.10 jaccard vs any sibling = chrome baseline),yes,3,"WebSite,Organization,SoftwareApplication,Person,BreadcrumbList,Article",keep
https://www.codesparring.dev/learn/data-engineering/modeling/sql-l3-insert-populate,200 (template-derived),lesson-data-engineering,yes,self,INSERT and INSERT … SELECT,INSERT and INSERT … SELECT | CodeSparring,yes (58),INSERT and INSERT … SELECT,SSR (template-derived from sampled lessons of the same route),unique (0.10 jaccard vs any sibling = chrome baseline),yes,4,"WebSite,Organization,SoftwareApplication,Person,BreadcrumbList,Article",keep
https://www.codesparring.dev/learn/data-engineering/modeling/sql-l3-primary-keys,200 (template-derived),lesson-data-engineering,yes,self,Primary Keys: Surrogate vs Natural,Primary Keys: Surrogate vs Natural | CodeSparring,yes (62),Primary Keys: Surrogate vs Natural,SSR (template-derived from sampled lessons of the same route),unique (0.10 jaccard vs any sibling = chrome baseline),yes,4,"WebSite,Organization,SoftwareApplication,Person,BreadcrumbList,Article",keep
https://www.codesparring.dev/learn/data-engineering/modeling/sql-l3-foreign-keys,200 (template-derived),lesson-data-engineering,yes,self,Foreign Keys and Referential Integrity,Foreign Keys and Referential Integrity | CodeSparring,yes (53),Foreign Keys and Referential Integrity,SSR (template-derived from sampled lessons of the same route),unique (0.10 jaccard vs any sibling = chrome baseline),yes,4,"WebSite,Organization,SoftwareApplication,Person,BreadcrumbList,Article",keep
https://www.codesparring.dev/learn/data-engineering/modeling/sql-l3-constraints,200 (template-derived),lesson-data-engineering,yes,self,"UNIQUE, NOT NULL, and CHECK","UNIQUE, NOT NULL, and CHECK | CodeSparring",yes (63),"UNIQUE, NOT NULL, and CHECK",SSR (template-derived from sampled lessons of the same route),unique (0.10 jaccard vs any sibling = chrome baseline),yes,4,"WebSite,Organization,SoftwareApplication,Person,BreadcrumbList,Article",keep
https://www.codesparring.dev/learn/data-engineering/modeling/sql-l3-normalize-1nf,200 (template-derived),lesson-data-engineering,yes,self,First Normal Form: Atomic Values,First Normal Form: Atomic Values | CodeSparring,yes (50),First Normal Form: Atomic Values,SSR (template-derived from sampled lessons of the same route),unique (0.10 jaccard vs any sibling = chrome baseline),yes,4,"WebSite,Organization,SoftwareApplication,Person,BreadcrumbList,Article",keep
https://www.codesparring.dev/learn/data-engineering/modeling/sql-l3-normalize-2nf-3nf,200 (template-derived),lesson-data-engineering,yes,self,Second and Third Normal Form,Second and Third Normal Form | CodeSparring,yes (67),Second and Third Normal Form,SSR (template-derived from sampled lessons of the same route),unique (0.10 jaccard vs any sibling = chrome baseline),yes,4,"WebSite,Organization,SoftwareApplication,Person,BreadcrumbList,Article",keep
https://www.codesparring.dev/learn/data-engineering/modeling/sql-l3-denormalization,200 (template-derived),lesson-data-engineering,yes,self,Denormalization Trade-offs,Denormalization Trade-offs | CodeSparring,yes (61),Denormalization Trade-offs,SSR (template-derived from sampled lessons of the same route),unique (0.10 jaccard vs any sibling = chrome baseline),yes,4,"WebSite,Organization,SoftwareApplication,Person,BreadcrumbList,Article",keep
https://www.codesparring.dev/learn/data-engineering/modeling/sql-l3-cardinality,200 (template-derived),lesson-data-engineering,yes,self,"Entities, Relationships, and Cardinality","Entities, Relationships, and Cardinality | CodeSparring",yes (48),"Entities, Relationships, and Cardinality",SSR (template-derived from sampled lessons of the same route),unique (0.10 jaccard vs any sibling = chrome baseline),yes,4,"WebSite,Organization,SoftwareApplication,Person,BreadcrumbList,Article",keep
https://www.codesparring.dev/learn/data-engineering/modeling/sql-l3-junction-tables,200 (template-derived),lesson-data-engineering,yes,self,Junction Tables for Many-to-Many,Junction Tables for Many-to-Many | CodeSparring,yes (74),Junction Tables for Many-to-Many,SSR (template-derived from sampled lessons of the same route),unique (0.10 jaccard vs any sibling = chrome baseline),yes,4,"WebSite,Organization,SoftwareApplication,Person,BreadcrumbList,Article",keep
https://www.codesparring.dev/learn/data-engineering/modeling/sql-l3-indexes,200 (template-derived),lesson-data-engineering,yes,self,Indexes: Speeding Up Reads,Indexes: Speeding Up Reads | CodeSparring,yes (70),Indexes: Speeding Up Reads,SSR (template-derived from sampled lessons of the same route),unique (0.10 jaccard vs any sibling = chrome baseline),yes,4,"WebSite,Organization,SoftwareApplication,Person,BreadcrumbList,Article",keep
https://www.codesparring.dev/learn/data-engineering/modeling/sql-l3-dimensional-intro,200 (template-derived),lesson-data-engineering,yes,self,"Facts, Dimensions, and Grain","Facts, Dimensions, and Grain | CodeSparring",yes (84),"Facts, Dimensions, and Grain",SSR (template-derived from sampled lessons of the same route),unique (0.10 jaccard vs any sibling = chrome baseline),yes,3,"WebSite,Organization,SoftwareApplication,Person,BreadcrumbList,Article",keep
https://www.codesparring.dev/learn/data-engineering/engineering/sql-l4-window-ranking,200 (template-derived),lesson-data-engineering,yes,self,"Ranking: ROW_NUMBER, RANK, DENSE_RANK","Ranking: ROW_NUMBER, RANK, DENSE_RANK | CodeSparring",yes (53),"Ranking: ROW_NUMBER, RANK, DENSE_RANK",SSR (template-derived from sampled lessons of the same route),unique (0.10 jaccard vs any sibling = chrome baseline),yes,3,"WebSite,Organization,SoftwareApplication,Person,BreadcrumbList,Article",keep
https://www.codesparring.dev/learn/data-engineering/engineering/sql-l4-window-offset,200 (template-derived),lesson-data-engineering,yes,self,LAG and LEAD: Period-over-Period,LAG and LEAD: Period-over-Period | CodeSparring,yes (53),LAG and LEAD: Period-over-Period,SSR (template-derived from sampled lessons of the same route),unique (0.10 jaccard vs any sibling = chrome baseline),yes,4,"WebSite,Organization,SoftwareApplication,Person,BreadcrumbList,Article",keep
https://www.codesparring.dev/learn/data-engineering/engineering/sql-l4-window-frames,200 (template-derived),lesson-data-engineering,yes,self,Frames: Running Totals & Moving Averages,Frames: Running Totals & Moving Averages | CodeSparring,yes (60),Frames: Running Totals & Moving Averages,SSR (template-derived from sampled lessons of the same route),unique (0.10 jaccard vs any sibling = chrome baseline),yes,4,"WebSite,Organization,SoftwareApplication,Person,BreadcrumbList,Article",keep
https://www.codesparring.dev/learn/data-engineering/engineering/sql-l4-recursive-cte,200 (template-derived),lesson-data-engineering,yes,self,Recursive CTEs for Hierarchies,Recursive CTEs for Hierarchies | CodeSparring,yes (63),Recursive CTEs for Hierarchies,SSR (template-derived from sampled lessons of the same route),unique (0.10 jaccard vs any sibling = chrome baseline),yes,4,"WebSite,Organization,SoftwareApplication,Person,BreadcrumbList,Article",keep
https://www.codesparring.dev/learn/data-engineering/engineering/sql-l4-star-build,200 (template-derived),lesson-data-engineering,yes,self,Building a Star Schema Load,Building a Star Schema Load | CodeSparring,yes (79),Building a Star Schema Load,SSR (template-derived from sampled lessons of the same route),unique (0.10 jaccard vs any sibling = chrome baseline),yes,4,"WebSite,Organization,SoftwareApplication,Person,BreadcrumbList,Article",keep
https://www.codesparring.dev/learn/data-engineering/engineering/sql-l4-scd-type1,200 (template-derived),lesson-data-engineering,yes,self,Slowly Changing Dimensions: Type 1,Slowly Changing Dimensions: Type 1 | CodeSparring,yes (55),Slowly Changing Dimensions: Type 1,SSR (template-derived from sampled lessons of the same route),unique (0.10 jaccard vs any sibling = chrome baseline),yes,4,"WebSite,Organization,SoftwareApplication,Person,BreadcrumbList,Article",keep
https://www.codesparring.dev/learn/data-engineering/engineering/sql-l4-scd-type2,200 (template-derived),lesson-data-engineering,yes,self,Slowly Changing Dimensions: Type 2,Slowly Changing Dimensions: Type 2 | CodeSparring,yes (65),Slowly Changing Dimensions: Type 2,SSR (template-derived from sampled lessons of the same route),unique (0.10 jaccard vs any sibling = chrome baseline),yes,4,"WebSite,Organization,SoftwareApplication,Person,BreadcrumbList,Article",keep
https://www.codesparring.dev/learn/data-engineering/engineering/sql-l4-snowflake,200 (template-derived),lesson-data-engineering,yes,self,Star vs Snowflake Schemas,Star vs Snowflake Schemas | CodeSparring,yes (102),Star vs Snowflake Schemas,SSR (template-derived from sampled lessons of the same route),unique (0.10 jaccard vs any sibling = chrome baseline),yes,4,"WebSite,Organization,SoftwareApplication,Person,BreadcrumbList,Article",keep
https://www.codesparring.dev/learn/data-engineering/engineering/sql-l4-fact-types,200 (template-derived),lesson-data-engineering,yes,self,Fact Table Types and Measure Additivity,Fact Table Types and Measure Additivity | CodeSparring,yes (125),Fact Table Types and Measure Additivity,SSR (template-derived from sampled lessons of the same route),unique (0.10 jaccard vs any sibling = chrome baseline),yes,4,"WebSite,Organization,SoftwareApplication,Person,BreadcrumbList,Article",keep
https://www.codesparring.dev/learn/data-engineering/engineering/sql-l4-dimension-patterns,200 (template-derived),lesson-data-engineering,yes,self,"Conformed, Role-Playing, Degenerate and Junk Dimensions","Conformed, Role-Playing, Degenerate and Junk Dimensions",yes (138),"Conformed, Role-Playing, Degenerate and Junk Dimensions",SSR (template-derived from sampled lessons of the same route),unique (0.10 jaccard vs any sibling = chrome baseline),yes,4,"WebSite,Organization,SoftwareApplication,Person,BreadcrumbList,Article",keep
https://www.codesparring.dev/learn/data-engineering/engineering/sql-l4-dedup,200 (template-derived),lesson-data-engineering,yes,self,Deduplication,Deduplication · Learn Data Engineering | CodeSparring,yes (58),Deduplication,SSR (template-derived from sampled lessons of the same route),unique (0.10 jaccard vs any sibling = chrome baseline),yes,4,"WebSite,Organization,SoftwareApplication,Person,BreadcrumbList,Article",keep
https://www.codesparring.dev/learn/data-engineering/engineering/sql-l4-idempotent-merge,200 (template-derived),lesson-data-engineering,yes,self,Idempotent Loads: Upsert & MERGE,Idempotent Loads: Upsert & MERGE | CodeSparring,yes (58),Idempotent Loads: Upsert & MERGE,SSR (template-derived from sampled lessons of the same route),unique (0.10 jaccard vs any sibling = chrome baseline),yes,4,"WebSite,Organization,SoftwareApplication,Person,BreadcrumbList,Article",keep
https://www.codesparring.dev/learn/data-engineering/engineering/sql-l4-data-quality,200 (template-derived),lesson-data-engineering,yes,self,Data-Quality Assertions,Data-Quality Assertions | CodeSparring,yes (63),Data-Quality Assertions,SSR (template-derived from sampled lessons of the same route),unique (0.10 jaccard vs any sibling = chrome baseline),yes,4,"WebSite,Organization,SoftwareApplication,Person,BreadcrumbList,Article",keep
https://www.codesparring.dev/learn/data-engineering/engineering/sql-l4-explain,200 (template-derived),lesson-data-engineering,yes,self,EXPLAIN and Query Performance,EXPLAIN and Query Performance | CodeSparring,yes (58),EXPLAIN and Query Performance,SSR (template-derived from sampled lessons of the same route),unique (0.10 jaccard vs any sibling = chrome baseline),yes,4,"WebSite,Organization,SoftwareApplication,Person,BreadcrumbList,Article",keep
https://www.codesparring.dev/learn/data-engineering/engineering/sql-l4-capstone,200 (template-derived),lesson-data-engineering,yes,self,Capstone: A Type-2 SCD Loader,Capstone: A Type-2 SCD Loader | CodeSparring,yes (85),Capstone: A Type-2 SCD Loader,SSR (template-derived from sampled lessons of the same route),unique (0.10 jaccard vs any sibling = chrome baseline),yes,3,"WebSite,Organization,SoftwareApplication,Person,BreadcrumbList,Article",keep
https://www.codesparring.dev/learn/data-engineering/advanced-company-sql/sql-l5-gaps-and-islands,200 (template-derived),lesson-data-engineering,yes,self,Gaps and Islands: Consecutive Streaks and Run Detection,Gaps and Islands: Consecutive Streaks and Run Detection,yes (138),Gaps and Islands: Consecutive Streaks and Run Detection,SSR (template-derived from sampled lessons of the same route),unique (0.10 jaccard vs any sibling = chrome baseline),yes,3,"WebSite,Organization,SoftwareApplication,Person,BreadcrumbList,Article",keep
https://www.codesparring.dev/learn/data-engineering/advanced-company-sql/sql-l5-sessionization,200 (template-derived),lesson-data-engineering,yes,self,Sessionization: Grouping Events with an Inactivity Timeout,Sessionization: Grouping Events with an Inactivity Timeout,yes (138),Sessionization: Grouping Events with an Inactivity Timeout,SSR (template-derived from sampled lessons of the same route),unique (0.10 jaccard vs any sibling = chrome baseline),yes,4,"WebSite,Organization,SoftwareApplication,Person,BreadcrumbList,Article",keep
https://www.codesparring.dev/learn/data-engineering/advanced-company-sql/sql-l5-cohort-retention,200 (template-derived),lesson-data-engineering,yes,self,Cohort Retention and the Denominator Trap,Cohort Retention and the Denominator Trap | CodeSparring,yes (127),Cohort Retention and the Denominator Trap,SSR (template-derived from sampled lessons of the same route),unique (0.10 jaccard vs any sibling = chrome baseline),yes,4,"WebSite,Organization,SoftwareApplication,Person,BreadcrumbList,Article",keep
https://www.codesparring.dev/learn/data-engineering/advanced-company-sql/sql-l5-funnel-conversion,200 (template-derived),lesson-data-engineering,yes,self,Funnel and Conversion Analysis,Funnel and Conversion Analysis | CodeSparring,yes (139),Funnel and Conversion Analysis,SSR (template-derived from sampled lessons of the same route),unique (0.10 jaccard vs any sibling = chrome baseline),yes,4,"WebSite,Organization,SoftwareApplication,Person,BreadcrumbList,Article",keep
https://www.codesparring.dev/learn/data-engineering/advanced-company-sql/sql-l5-window-frames-and-qualify,200 (template-derived),lesson-data-engineering,yes,self,Advanced Window Frames and the QUALIFY Rewrite,Advanced Window Frames and the QUALIFY Rewrite,yes (122),Advanced Window Frames and the QUALIFY Rewrite,SSR (template-derived from sampled lessons of the same route),unique (0.10 jaccard vs any sibling = chrome baseline),yes,4,"WebSite,Organization,SoftwareApplication,Person,BreadcrumbList,Article",keep
https://www.codesparring.dev/learn/data-engineering/advanced-company-sql/sql-l5-json-variant-flatten,200 (template-derived),lesson-data-engineering,yes,self,JSON/VARIANT Extraction and Array Flattening,JSON/VARIANT Extraction and Array Flattening | CodeSparring,yes (124),JSON/VARIANT Extraction and Array Flattening,SSR (template-derived from sampled lessons of the same route),unique (0.10 jaccard vs any sibling = chrome baseline),yes,4,"WebSite,Organization,SoftwareApplication,Person,BreadcrumbList,Article",keep
https://www.codesparring.dev/learn/data-engineering/advanced-company-sql/sql-l5-fact-grains-accumulating-snapshot,200 (template-derived),lesson-data-engineering,yes,self,Fact Grains: The Accumulating Snapshot and UPDATE-in-Place,Fact Grains: The Accumulating Snapshot and UPDATE-in-Place,yes (155),Fact Grains: The Accumulating Snapshot and UPDATE-in-Place,SSR (template-derived from sampled lessons of the same route),unique (0.10 jaccard vs any sibling = chrome baseline),yes,4,"WebSite,Organization,SoftwareApplication,Person,BreadcrumbList,Article",keep
https://www.codesparring.dev/learn/data-engineering/advanced-company-sql/sql-l5-as-of-scd2-join,200 (template-derived),lesson-data-engineering,yes,self,Point-in-Time (As-Of) Joins Against an SCD2 Dimension,Point-in-Time (As-Of) Joins Against an SCD2 Dimension,yes (124),Point-in-Time (As-Of) Joins Against an SCD2 Dimension,SSR (template-derived from sampled lessons of the same route),unique (0.10 jaccard vs any sibling = chrome baseline),yes,4,"WebSite,Organization,SoftwareApplication,Person,BreadcrumbList,Article",keep
https://www.codesparring.dev/learn/data-engineering/advanced-company-sql/sql-l5-join-fan-out-and-skew,200 (template-derived),lesson-data-engineering,yes,self,Join Fan-Out: Duplicate Rows and Data Skew,Join Fan-Out: Duplicate Rows and Data Skew | CodeSparring,yes (132),Join Fan-Out: Duplicate Rows and Data Skew,SSR (template-derived from sampled lessons of the same route),unique (0.10 jaccard vs any sibling = chrome baseline),yes,4,"WebSite,Organization,SoftwareApplication,Person,BreadcrumbList,Article",keep
https://www.codesparring.dev/learn/data-engineering/advanced-company-sql/sql-l5-cdc-changelog-apply,200 (template-derived),lesson-data-engineering,yes,self,CDC Changelog Apply: MERGE Upserts with Deletes,CDC Changelog Apply: MERGE Upserts with Deletes,yes (142),CDC Changelog Apply: MERGE Upserts with Deletes,SSR (template-derived from sampled lessons of the same route),unique (0.10 jaccard vs any sibling = chrome baseline),yes,4,"WebSite,Organization,SoftwareApplication,Person,BreadcrumbList,Article",keep
https://www.codesparring.dev/learn/data-engineering/advanced-company-sql/sql-l5-incremental-watermark-backfill,200 (template-derived),lesson-data-engineering,yes,self,High-Water-Mark Incremental Extraction and Safe Backfill,High-Water-Mark Incremental Extraction and Safe Backfill,yes (137),High-Water-Mark Incremental Extraction and Safe Backfill,SSR (template-derived from sampled lessons of the same route),unique (0.10 jaccard vs any sibling = chrome baseline),yes,4,"WebSite,Organization,SoftwareApplication,Person,BreadcrumbList,Article",keep
https://www.codesparring.dev/learn/data-engineering/advanced-company-sql/sql-l5-data-quality-gates,200 (template-derived),lesson-data-engineering,yes,self,Write-Audit-Publish: Blocking Data Quality Gates,Write-Audit-Publish: Blocking Data Quality Gates,yes (140),Write-Audit-Publish: Blocking Data Quality Gates,SSR (template-derived from sampled lessons of the same route),unique (0.10 jaccard vs any sibling = chrome baseline),yes,4,"WebSite,Organization,SoftwareApplication,Person,BreadcrumbList,Article",keep
https://www.codesparring.dev/learn/data-engineering/advanced-company-sql/sql-l5-system-design-round-reasoning,200 (template-derived),lesson-data-engineering,yes,self,"Partition Pruning, Consumer Lag and Tumbling Windows","Partition Pruning, Consumer Lag and Tumbling Windows",yes (148),"Partition Pruning, Consumer Lag and Tumbling Windows",SSR (template-derived from sampled lessons of the same route),unique (0.10 jaccard vs any sibling = chrome baseline),yes,4,"WebSite,Organization,SoftwareApplication,Person,BreadcrumbList,Article",keep
https://www.codesparring.dev/learn/data-engineering/advanced-company-sql/sql-l5-medallion-streaming-capstone,200 (template-derived),lesson-data-engineering,yes,self,"Medallion Capstone: JSON Events to Bronze, Silver, Gold","Medallion Capstone: JSON Events to Bronze, Silver, Gold",yes (130),"Medallion Capstone: JSON Events to Bronze, Silver, Gold",SSR (template-derived from sampled lessons of the same route),unique (0.10 jaccard vs any sibling = chrome baseline),yes,3,"WebSite,Organization,SoftwareApplication,Person,BreadcrumbList,Article",keep
https://www.codesparring.dev/learn/data-engineering/cloud-data-foundations/sql-l6-cloud-and-the-de-stack,200 (template-derived),lesson-data-engineering,yes,self,"What the Cloud Is, and the Shape of a Data Platform","What the Cloud Is, and the Shape of a Data Platform",yes (150),"What the Cloud Is, and the Shape of a Data Platform",SSR (template-derived from sampled lessons of the same route),unique (0.10 jaccard vs any sibling = chrome baseline),yes,3,"WebSite,Organization,SoftwareApplication,Person,BreadcrumbList,Article",keep
https://www.codesparring.dev/learn/data-engineering/cloud-data-foundations/sql-l6-object-vs-block-storage,200 (template-derived),lesson-data-engineering,yes,self,Object vs Block vs File Storage: Why the Lake Lives on S3,Object vs Block vs File Storage: Why the Lake Lives on S3,yes (134),Object vs Block vs File Storage: Why the Lake Lives on S3,SSR (template-derived from sampled lessons of the same route),unique (0.10 jaccard vs any sibling = chrome baseline),yes,4,"WebSite,Organization,SoftwareApplication,Person,BreadcrumbList,Article",keep
https://www.codesparring.dev/learn/data-engineering/cloud-data-foundations/sql-l6-storage-classes-lifecycle,200 (template-derived),lesson-data-engineering,yes,self,Storage Classes and Lifecycle: Paying Less for Colder Data,Storage Classes and Lifecycle: Paying Less for Colder Data,yes (134),Storage Classes and Lifecycle: Paying Less for Colder Data,SSR (template-derived from sampled lessons of the same route),unique (0.10 jaccard vs any sibling = chrome baseline),yes,4,"WebSite,Organization,SoftwareApplication,Person,BreadcrumbList,Article",keep
https://www.codesparring.dev/learn/data-engineering/cloud-data-foundations/sql-l6-lake-warehouse-catalog,200 (template-derived),lesson-data-engineering,yes,self,Lake vs Warehouse vs Lakehouse: Files Plus a Catalog,Lake vs Warehouse vs Lakehouse: Files Plus a Catalog,yes (129),Lake vs Warehouse vs Lakehouse: Files Plus a Catalog,SSR (template-derived from sampled lessons of the same route),unique (0.10 jaccard vs any sibling = chrome baseline),yes,4,"WebSite,Organization,SoftwareApplication,Person,BreadcrumbList,Article",keep
https://www.codesparring.dev/learn/data-engineering/cloud-data-foundations/sql-l6-rows-vs-columns,200 (template-derived),lesson-data-engineering,yes,self,"Rows vs Columns on Disk, and Column Projection","Rows vs Columns on Disk, and Column Projection",yes (129),"Rows vs Columns on Disk, and Column Projection",SSR (template-derived from sampled lessons of the same route),unique (0.10 jaccard vs any sibling = chrome baseline),yes,4,"WebSite,Organization,SoftwareApplication,Person,BreadcrumbList,Article",keep
https://www.codesparring.dev/learn/data-engineering/cloud-data-foundations/sql-l6-compression-encoding,200 (template-derived),lesson-data-engineering,yes,self,Compression and Encoding: Why Columnar Shrinks So Much,Compression and Encoding: Why Columnar Shrinks So Much,yes (138),Compression and Encoding: Why Columnar Shrinks So Much,SSR (template-derived from sampled lessons of the same route),unique (0.10 jaccard vs any sibling = chrome baseline),yes,4,"WebSite,Organization,SoftwareApplication,Person,BreadcrumbList,Article",keep
https://www.codesparring.dev/learn/data-engineering/cloud-data-foundations/sql-l6-row-groups-pushdown,200 (template-derived),lesson-data-engineering,yes,self,"Row Groups, Predicate Pushdown, and Parquet vs ORC vs Avro","Row Groups, Predicate Pushdown, and Parquet vs ORC vs Avro",yes (132),"Row Groups, Predicate Pushdown, and Parquet vs ORC vs Avro",SSR (template-derived from sampled lessons of the same route),unique (0.10 jaccard vs any sibling = chrome baseline),yes,4,"WebSite,Organization,SoftwareApplication,Person,BreadcrumbList,Article",keep
https://www.codesparring.dev/learn/data-engineering/cloud-data-foundations/sql-l6-what-is-a-partition,200 (template-derived),lesson-data-engineering,yes,self,"What a Partition Is, and Why Pruning Makes a Big Table Cheap","What a Partition Is, and Why Pruning Makes a Big Table Cheap",yes (131),"What a Partition Is, and Why Pruning Makes a Big Table Cheap",SSR (template-derived from sampled lessons of the same route),unique (0.10 jaccard vs any sibling = chrome baseline),yes,4,"WebSite,Organization,SoftwareApplication,Person,BreadcrumbList,Article",keep
https://www.codesparring.dev/learn/data-engineering/cloud-data-foundations/sql-l6-choosing-partition-key,200 (template-derived),lesson-data-engineering,yes,self,"Choosing a Partition Key, and the Small-Files Problem","Choosing a Partition Key, and the Small-Files Problem",yes (131),"Choosing a Partition Key, and the Small-Files Problem",SSR (template-derived from sampled lessons of the same route),unique (0.10 jaccard vs any sibling = chrome baseline),yes,4,"WebSite,Organization,SoftwareApplication,Person,BreadcrumbList,Article",keep
https://www.codesparring.dev/learn/data-engineering/cloud-data-foundations/sql-l6-bucketing-and-the-full-scan-trap,200 (template-derived),lesson-data-engineering,yes,self,"Bucketing vs Partitioning, and the Full-Scan Trap","Bucketing vs Partitioning, and the Full-Scan Trap",yes (139),"Bucketing vs Partitioning, and the Full-Scan Trap",SSR (template-derived from sampled lessons of the same route),unique (0.10 jaccard vs any sibling = chrome baseline),yes,4,"WebSite,Organization,SoftwareApplication,Person,BreadcrumbList,Article",keep
https://www.codesparring.dev/learn/data-engineering/cloud-data-foundations/sql-l6-distributed-execution,200 (template-derived),lesson-data-engineering,yes,self,"Why the Shuffle Is Expensive: Partitions, Stages, and Tasks","Why the Shuffle Is Expensive: Partitions, Stages, and Tasks",yes (145),"Why the Shuffle Is Expensive: Partitions, Stages, and Tasks",SSR (template-derived from sampled lessons of the same route),unique (0.10 jaccard vs any sibling = chrome baseline),yes,4,"WebSite,Organization,SoftwareApplication,Person,BreadcrumbList,Article",keep
https://www.codesparring.dev/learn/data-engineering/cloud-data-foundations/sql-l6-skew-and-joins,200 (template-derived),lesson-data-engineering,yes,self,"Data Skew, Stragglers, and Broadcast vs Shuffle Joins","Data Skew, Stragglers, and Broadcast vs Shuffle Joins",yes (148),"Data Skew, Stragglers, and Broadcast vs Shuffle Joins",SSR (template-derived from sampled lessons of the same route),unique (0.10 jaccard vs any sibling = chrome baseline),yes,4,"WebSite,Organization,SoftwareApplication,Person,BreadcrumbList,Article",keep
https://www.codesparring.dev/learn/data-engineering/cloud-data-foundations/sql-l6-pipelines-orchestration,200 (template-derived),lesson-data-engineering,yes,self,"Pipelines, Orchestration, and Idempotency","Pipelines, Orchestration, and Idempotency | CodeSparring",yes (138),"Pipelines, Orchestration, and Idempotency",SSR (template-derived from sampled lessons of the same route),unique (0.10 jaccard vs any sibling = chrome baseline),yes,4,"WebSite,Organization,SoftwareApplication,Person,BreadcrumbList,Article",keep
https://www.codesparring.dev/learn/data-engineering/cloud-data-foundations/sql-l6-data-quality-checks,200 (template-derived),lesson-data-engineering,yes,self,Data Quality Checks and Quality Gates,Data Quality Checks and Quality Gates | CodeSparring,yes (153),Data Quality Checks and Quality Gates,SSR (template-derived from sampled lessons of the same route),unique (0.10 jaccard vs any sibling = chrome baseline),yes,3,"WebSite,Organization,SoftwareApplication,Person,BreadcrumbList,Article",keep
https://www.codesparring.dev/learn/data-engineering/warehouses-lakehouse/de-l7-mpp-architecture,200 (template-derived),lesson-data-engineering,yes,self,"MPP Warehouses: Nodes, Slices, and the Slowest Slice","MPP Warehouses: Nodes, Slices, and the Slowest Slice",yes (150),"MPP Warehouses: Nodes, Slices, and the Slowest Slice",SSR (template-derived from sampled lessons of the same route),unique (0.10 jaccard vs any sibling = chrome baseline),yes,3,"WebSite,Organization,SoftwareApplication,Person,BreadcrumbList,Article",keep
https://www.codesparring.dev/learn/data-engineering/warehouses-lakehouse/de-l7-dist-sort-keys,200 (template-derived),lesson-data-engineering,yes,self,"Distribution Styles, Sort Keys, and Reading the Query Plan","Distribution Styles, Sort Keys, and Reading the Query Plan",yes (125),"Distribution Styles, Sort Keys, and Reading the Query Plan",SSR (template-derived from sampled lessons of the same route),unique (0.10 jaccard vs any sibling = chrome baseline),yes,4,"WebSite,Organization,SoftwareApplication,Person,BreadcrumbList,Article",keep
https://www.codesparring.dev/learn/data-engineering/warehouses-lakehouse/de-l7-loading-and-cost,200 (template-derived),lesson-data-engineering,yes,self,"COPY from Stage, Never Row Inserts, and Two Billing Models","COPY from Stage, Never Row Inserts, and Two Billing Models",yes (149),"COPY from Stage, Never Row Inserts, and Two Billing Models",SSR (template-derived from sampled lessons of the same route),unique (0.10 jaccard vs any sibling = chrome baseline),yes,4,"WebSite,Organization,SoftwareApplication,Person,BreadcrumbList,Article",keep
https://www.codesparring.dev/learn/data-engineering/warehouses-lakehouse/de-l7-grain-audit,200 (template-derived),lesson-data-engineering,yes,self,"Grain Rehearsal: Say the Sentence, Then Prove It in SQL","Grain Rehearsal: Say the Sentence, Then Prove It in SQL",yes (132),"Grain Rehearsal: Say the Sentence, Then Prove It in SQL",SSR (template-derived from sampled lessons of the same route),unique (0.10 jaccard vs any sibling = chrome baseline),yes,4,"WebSite,Organization,SoftwareApplication,Person,BreadcrumbList,Article",keep
https://www.codesparring.dev/learn/data-engineering/warehouses-lakehouse/de-l7-semi-additive-audit,200 (template-derived),lesson-data-engineering,yes,self,Semi-Additive Measures: The Wrong Sum and the Right Sum,Semi-Additive Measures: The Wrong Sum and the Right Sum,yes (130),Semi-Additive Measures: The Wrong Sum and the Right Sum,SSR (template-derived from sampled lessons of the same route),unique (0.10 jaccard vs any sibling = chrome baseline),yes,4,"WebSite,Organization,SoftwareApplication,Person,BreadcrumbList,Article",keep
https://www.codesparring.dev/learn/data-engineering/warehouses-lakehouse/de-l7-scd2-rehearsal,200 (template-derived),lesson-data-engineering,yes,self,SCD2 Under the Clock: Apply the Change Batch,SCD2 Under the Clock: Apply the Change Batch | CodeSparring,yes (152),SCD2 Under the Clock: Apply the Change Batch,SSR (template-derived from sampled lessons of the same route),unique (0.10 jaccard vs any sibling = chrome baseline),yes,4,"WebSite,Organization,SoftwareApplication,Person,BreadcrumbList,Article",keep
https://www.codesparring.dev/learn/data-engineering/warehouses-lakehouse/de-l7-kimball-vs-obt,200 (template-derived),lesson-data-engineering,yes,self,Kimball vs One Big Table: The 10 GB Join-Side Heuristic,Kimball vs One Big Table: The 10 GB Join-Side Heuristic,yes (121),Kimball vs One Big Table: The 10 GB Join-Side Heuristic,SSR (template-derived from sampled lessons of the same route),unique (0.10 jaccard vs any sibling = chrome baseline),yes,4,"WebSite,Organization,SoftwareApplication,Person,BreadcrumbList,Article",keep
https://www.codesparring.dev/learn/data-engineering/warehouses-lakehouse/de-l7-iceberg-metadata,200 (template-derived),lesson-data-engineering,yes,self,"Iceberg Snapshots, Manifests, and the Metadata Tree","Iceberg Snapshots, Manifests, and the Metadata Tree",yes (141),"Iceberg Snapshots, Manifests, and the Metadata Tree",SSR (template-derived from sampled lessons of the same route),unique (0.10 jaccard vs any sibling = chrome baseline),yes,4,"WebSite,Organization,SoftwareApplication,Person,BreadcrumbList,Article",keep
https://www.codesparring.dev/learn/data-engineering/warehouses-lakehouse/de-l7-upsert-merge-semantics,200 (template-derived),lesson-data-engineering,yes,self,MERGE Semantics: Upserts That Survive a Rerun,MERGE Semantics: Upserts That Survive a Rerun | CodeSparring,yes (151),MERGE Semantics: Upserts That Survive a Rerun,SSR (template-derived from sampled lessons of the same route),unique (0.10 jaccard vs any sibling = chrome baseline),yes,4,"WebSite,Organization,SoftwareApplication,Person,BreadcrumbList,Article",keep
https://www.codesparring.dev/learn/data-engineering/warehouses-lakehouse/de-l7-time-travel-compaction,200 (template-derived),lesson-data-engineering,yes,self,"Time Travel, Snapshot Expiry, and the Compaction Plan","Time Travel, Snapshot Expiry, and the Compaction Plan",yes (144),"Time Travel, Snapshot Expiry, and the Compaction Plan",SSR (template-derived from sampled lessons of the same route),unique (0.10 jaccard vs any sibling = chrome baseline),yes,4,"WebSite,Organization,SoftwareApplication,Person,BreadcrumbList,Article",keep
https://www.codesparring.dev/learn/data-engineering/warehouses-lakehouse/de-l7-aws-azure-mapping,200 (template-derived),lesson-data-engineering,yes,self,"The Same Platform, Twice: AWS to Azure and Fabric","The Same Platform, Twice: AWS to Azure and Fabric",yes (131),"The Same Platform, Twice: AWS to Azure and Fabric",SSR (template-derived from sampled lessons of the same route),unique (0.10 jaccard vs any sibling = chrome baseline),yes,4,"WebSite,Organization,SoftwareApplication,Person,BreadcrumbList,Article",keep
https://www.codesparring.dev/learn/data-engineering/warehouses-lakehouse/de-l7-warehouse-vs-lakehouse,200 (template-derived),lesson-data-engineering,yes,self,"Warehouse, Lakehouse, or Both: A Decision Framework","Warehouse, Lakehouse, or Both: A Decision Framework",yes (103),"Warehouse, Lakehouse, or Both: A Decision Framework",SSR (template-derived from sampled lessons of the same route),unique (0.10 jaccard vs any sibling = chrome baseline),yes,4,"WebSite,Organization,SoftwareApplication,Person,BreadcrumbList,Article",keep
https://www.codesparring.dev/learn/data-engineering/warehouses-lakehouse/de-l7-platform-cost-showdown,200 (template-derived),lesson-data-engineering,yes,self,Snowflake vs BigQuery vs Fabric: The 2026 Cost Showdown,Snowflake vs BigQuery vs Fabric: The 2026 Cost Showdown,yes (154),Snowflake vs BigQuery vs Fabric: The 2026 Cost Showdown,SSR (template-derived from sampled lessons of the same route),unique (0.10 jaccard vs any sibling = chrome baseline),yes,3,"WebSite,Organization,SoftwareApplication,Person,BreadcrumbList,Article",keep
https://www.codesparring.dev/learn/data-engineering/batch-pipelines/de-l8-dags-and-task-states,200 (template-derived),lesson-data-engineering,yes,self,"Runs, Task States, and the Data Interval","Runs, Task States, and the Data Interval | CodeSparring",yes (137),"Runs, Task States, and the Data Interval",SSR (template-derived from sampled lessons of the same route),unique (0.10 jaccard vs any sibling = chrome baseline),yes,3,"WebSite,Organization,SoftwareApplication,Person,BreadcrumbList,Article",keep
https://www.codesparring.dev/learn/data-engineering/batch-pipelines/de-l8-dependencies-and-sensors,200 (template-derived),lesson-data-engineering,yes,self,"Dependencies, Blocked Tasks, and Sensors","Dependencies, Blocked Tasks, and Sensors | CodeSparring",yes (155),"Dependencies, Blocked Tasks, and Sensors",SSR (template-derived from sampled lessons of the same route),unique (0.10 jaccard vs any sibling = chrome baseline),yes,4,"WebSite,Organization,SoftwareApplication,Person,BreadcrumbList,Article",keep
https://www.codesparring.dev/learn/data-engineering/batch-pipelines/de-l8-retries-slas-alerting,200 (template-derived),lesson-data-engineering,yes,self,"Retries, SLAs, and the Alert You Page On","Retries, SLAs, and the Alert You Page On | CodeSparring",yes (127),"Retries, SLAs, and the Alert You Page On",SSR (template-derived from sampled lessons of the same route),unique (0.10 jaccard vs any sibling = chrome baseline),yes,4,"WebSite,Organization,SoftwareApplication,Person,BreadcrumbList,Article",keep
https://www.codesparring.dev/learn/data-engineering/batch-pipelines/de-l8-partition-replacement,200 (template-derived),lesson-data-engineering,yes,self,Delete + Insert: Replacing the Run's Partition,Delete + Insert: Replacing the Run's Partition,yes (140),Delete + Insert: Replacing the Run's Partition,SSR (template-derived from sampled lessons of the same route),unique (0.10 jaccard vs any sibling = chrome baseline),yes,4,"WebSite,Organization,SoftwareApplication,Person,BreadcrumbList,Article",keep
https://www.codesparring.dev/learn/data-engineering/batch-pipelines/de-l8-change-batch-merge,200 (template-derived),lesson-data-engineering,yes,self,"Merge Semantics: Duplicates, Tied Timestamps, Redelivery","Merge Semantics: Duplicates, Tied Timestamps, Redelivery",yes (133),"Merge Semantics: Duplicates, Tied Timestamps, Redelivery",SSR (template-derived from sampled lessons of the same route),unique (0.10 jaccard vs any sibling = chrome baseline),yes,4,"WebSite,Organization,SoftwareApplication,Person,BreadcrumbList,Article",keep
https://www.codesparring.dev/learn/data-engineering/batch-pipelines/de-l8-append-dedup-at-read,200 (template-derived),lesson-data-engineering,yes,self,"Append-Only Bronze, Dedup at Read","Append-Only Bronze, Dedup at Read | CodeSparring",yes (146),"Append-Only Bronze, Dedup at Read",SSR (template-derived from sampled lessons of the same route),unique (0.10 jaccard vs any sibling = chrome baseline),yes,4,"WebSite,Organization,SoftwareApplication,Person,BreadcrumbList,Article",keep
https://www.codesparring.dev/learn/data-engineering/batch-pipelines/de-l8-watermark-control-table-review,200 (template-derived),lesson-data-engineering,yes,self,Watermark Review: The Control Table as ADF Bookmark,Watermark Review: The Control Table as ADF Bookmark,yes (155),Watermark Review: The Control Table as ADF Bookmark,SSR (template-derived from sampled lessons of the same route),unique (0.10 jaccard vs any sibling = chrome baseline),yes,4,"WebSite,Organization,SoftwareApplication,Person,BreadcrumbList,Article",keep
https://www.codesparring.dev/learn/data-engineering/batch-pipelines/de-l8-late-data-audit,200 (template-derived),lesson-data-engineering,yes,self,"Late Data: Quantify the Silent Loss, Then Heal It","Late Data: Quantify the Silent Loss, Then Heal It",yes (128),"Late Data: Quantify the Silent Loss, Then Heal It",SSR (template-derived from sampled lessons of the same route),unique (0.10 jaccard vs any sibling = chrome baseline),yes,4,"WebSite,Organization,SoftwareApplication,Person,BreadcrumbList,Article",keep
https://www.codesparring.dev/learn/data-engineering/batch-pipelines/de-l8-backfills,200 (template-derived),lesson-data-engineering,yes,self,Backfills: Manifest-Driven Reruns and the Downstream Trap,Backfills: Manifest-Driven Reruns and the Downstream Trap,yes (142),Backfills: Manifest-Driven Reruns and the Downstream Trap,SSR (template-derived from sampled lessons of the same route),unique (0.10 jaccard vs any sibling = chrome baseline),yes,4,"WebSite,Organization,SoftwareApplication,Person,BreadcrumbList,Article",keep
https://www.codesparring.dev/learn/data-engineering/batch-pipelines/de-l8-daily-pipeline-rehearsal,200 (template-derived),lesson-data-engineering,yes,self,"The Daily Ingestion Pipeline, End to End","The Daily Ingestion Pipeline, End to End | CodeSparring",yes (143),"The Daily Ingestion Pipeline, End to End",SSR (template-derived from sampled lessons of the same route),unique (0.10 jaccard vs any sibling = chrome baseline),yes,4,"WebSite,Organization,SoftwareApplication,Person,BreadcrumbList,Article",keep
https://www.codesparring.dev/learn/data-engineering/batch-pipelines/de-l8-models-in-dependency-order,200 (template-derived),lesson-data-engineering,yes,self,"Models Are SELECTs, Built in Ref Order","Models Are SELECTs, Built in Ref Order | CodeSparring",yes (144),"Models Are SELECTs, Built in Ref Order",SSR (template-derived from sampled lessons of the same route),unique (0.10 jaccard vs any sibling = chrome baseline),yes,4,"WebSite,Organization,SoftwareApplication,Person,BreadcrumbList,Article",keep
https://www.codesparring.dev/learn/data-engineering/batch-pipelines/de-l8-data-tests-zero-rows,200 (template-derived),lesson-data-engineering,yes,self,"Data Tests, Unit Tests, and the Grader Behind the Curtain","Data Tests, Unit Tests, and the Grader Behind the Curtain",yes (132),"Data Tests, Unit Tests, and the Grader Behind the Curtain",SSR (template-derived from sampled lessons of the same route),unique (0.10 jaccard vs any sibling = chrome baseline),yes,4,"WebSite,Organization,SoftwareApplication,Person,BreadcrumbList,Article",keep
https://www.codesparring.dev/learn/data-engineering/batch-pipelines/de-l8-lineage-dev-prod,200 (template-derived),lesson-data-engineering,yes,self,"Lineage, Impact Analysis, and Dev vs Prod","Lineage, Impact Analysis, and Dev vs Prod | CodeSparring",yes (128),"Lineage, Impact Analysis, and Dev vs Prod",SSR (template-derived from sampled lessons of the same route),unique (0.10 jaccard vs any sibling = chrome baseline),yes,3,"WebSite,Organization,SoftwareApplication,Person,BreadcrumbList,Article",keep
https://www.codesparring.dev/learn/data-engineering/streaming-cdc/de-l9-log-topic-partition-offset,200 (template-derived),lesson-data-engineering,yes,self,"The Log: Topics, Partitions, and Offsets","The Log: Topics, Partitions, and Offsets | CodeSparring",yes (143),"The Log: Topics, Partitions, and Offsets",SSR (template-derived from sampled lessons of the same route),unique (0.10 jaccard vs any sibling = chrome baseline),yes,3,"WebSite,Organization,SoftwareApplication,Person,BreadcrumbList,Article",keep
https://www.codesparring.dev/learn/data-engineering/streaming-cdc/de-l9-consumer-groups-lag,200 (template-derived),lesson-data-engineering,yes,self,Consumer Groups and Measuring Lag,Consumer Groups and Measuring Lag | CodeSparring,yes (154),Consumer Groups and Measuring Lag,SSR (template-derived from sampled lessons of the same route),unique (0.10 jaccard vs any sibling = chrome baseline),yes,4,"WebSite,Organization,SoftwareApplication,Person,BreadcrumbList,Article",keep
https://www.codesparring.dev/learn/data-engineering/streaming-cdc/de-l9-delivery-semantics,200 (template-derived),lesson-data-engineering,yes,self,Delivery Semantics: What Each Guarantee Costs,Delivery Semantics: What Each Guarantee Costs | CodeSparring,yes (143),Delivery Semantics: What Each Guarantee Costs,SSR (template-derived from sampled lessons of the same route),unique (0.10 jaccard vs any sibling = chrome baseline),yes,4,"WebSite,Organization,SoftwareApplication,Person,BreadcrumbList,Article",keep
https://www.codesparring.dev/learn/data-engineering/streaming-cdc/de-l9-kinesis-shard-math,200 (template-derived),lesson-data-engineering,yes,self,"Kinesis: Shard Math, Firehose Buffers, and the Chooser","Kinesis: Shard Math, Firehose Buffers, and the Chooser",yes (148),"Kinesis: Shard Math, Firehose Buffers, and the Chooser",SSR (template-derived from sampled lessons of the same route),unique (0.10 jaccard vs any sibling = chrome baseline),yes,4,"WebSite,Organization,SoftwareApplication,Person,BreadcrumbList,Article",keep
https://www.codesparring.dev/learn/data-engineering/streaming-cdc/de-l9-changelog-anatomy,200 (template-derived),lesson-data-engineering,yes,self,Anatomy of a Change Event,Anatomy of a Change Event | CodeSparring,yes (131),Anatomy of a Change Event,SSR (template-derived from sampled lessons of the same route),unique (0.10 jaccard vs any sibling = chrome baseline),yes,4,"WebSite,Organization,SoftwareApplication,Person,BreadcrumbList,Article",keep
https://www.codesparring.dev/learn/data-engineering/streaming-cdc/de-l9-ordering-guarantees,200 (template-derived),lesson-data-engineering,yes,self,Kafka Ordering Guarantees and the Checkpointed Apply,Kafka Ordering Guarantees and the Checkpointed Apply,yes (124),Kafka Ordering Guarantees and the Checkpointed Apply,SSR (template-derived from sampled lessons of the same route),unique (0.10 jaccard vs any sibling = chrome baseline),yes,4,"WebSite,Organization,SoftwareApplication,Person,BreadcrumbList,Article",keep
https://www.codesparring.dev/learn/data-engineering/streaming-cdc/de-l9-dedup-at-read,200 (template-derived),lesson-data-engineering,yes,self,Where Dedup Lives: Write-Side versus Read-Side,Where Dedup Lives: Write-Side versus Read-Side,yes (155),Where Dedup Lives: Write-Side versus Read-Side,SSR (template-derived from sampled lessons of the same route),unique (0.10 jaccard vs any sibling = chrome baseline),yes,4,"WebSite,Organization,SoftwareApplication,Person,BreadcrumbList,Article",keep
https://www.codesparring.dev/learn/data-engineering/streaming-cdc/de-l9-tumbling-hopping-windows,200 (template-derived),lesson-data-engineering,yes,self,Tumbling and Hopping Windows,Tumbling and Hopping Windows | CodeSparring,yes (141),Tumbling and Hopping Windows,SSR (template-derived from sampled lessons of the same route),unique (0.10 jaccard vs any sibling = chrome baseline),yes,4,"WebSite,Organization,SoftwareApplication,Person,BreadcrumbList,Article",keep
https://www.codesparring.dev/learn/data-engineering/streaming-cdc/de-l9-watermarks-late-events,200 (template-derived),lesson-data-engineering,yes,self,"Event Time, Watermarks, and Late Events","Event Time, Watermarks, and Late Events | CodeSparring",yes (151),"Event Time, Watermarks, and Late Events",SSR (template-derived from sampled lessons of the same route),unique (0.10 jaccard vs any sibling = chrome baseline),yes,4,"WebSite,Organization,SoftwareApplication,Person,BreadcrumbList,Article",keep
https://www.codesparring.dev/learn/data-engineering/streaming-cdc/de-l9-sessionization,200 (template-derived),lesson-data-engineering,yes,self,Session Windows: The Interview-Speed Sessionization Re-Drill,Session Windows: The Interview-Speed Sessionization Re-Drill,yes (133),Session Windows: The Interview-Speed Sessionization Re-Drill,SSR (template-derived from sampled lessons of the same route),unique (0.10 jaccard vs any sibling = chrome baseline),yes,4,"WebSite,Organization,SoftwareApplication,Person,BreadcrumbList,Article",keep
https://www.codesparring.dev/learn/data-engineering/streaming-cdc/de-l9-batch-vs-streaming-decision,200 (template-derived),lesson-data-engineering,yes,self,"Batch, Micro-Batch, or Streaming: The Decision","Batch, Micro-Batch, or Streaming: The Decision",yes (150),"Batch, Micro-Batch, or Streaming: The Decision",SSR (template-derived from sampled lessons of the same route),unique (0.10 jaccard vs any sibling = chrome baseline),yes,4,"WebSite,Organization,SoftwareApplication,Person,BreadcrumbList,Article",keep
https://www.codesparring.dev/learn/data-engineering/streaming-cdc/de-l9-freshness-slas,200 (template-derived),lesson-data-engineering,yes,self,Freshness SLAs over Run Metadata,Freshness SLAs over Run Metadata | CodeSparring,yes (142),Freshness SLAs over Run Metadata,SSR (template-derived from sampled lessons of the same route),unique (0.10 jaccard vs any sibling = chrome baseline),yes,3,"WebSite,Organization,SoftwareApplication,Person,BreadcrumbList,Article",keep
https://www.codesparring.dev/learn/data-engineering/spark-and-operations/de-l10-driver-and-executors,200 (template-derived),lesson-data-engineering,yes,self,"The Driver, the Executors, and One Task per Core","The Driver, the Executors, and One Task per Core",yes (136),"The Driver, the Executors, and One Task per Core",SSR (template-derived from sampled lessons of the same route),unique (0.10 jaccard vs any sibling = chrome baseline),yes,3,"WebSite,Organization,SoftwareApplication,Person,BreadcrumbList,Article",keep
https://www.codesparring.dev/learn/data-engineering/spark-and-operations/de-l10-lazy-evaluation,200 (template-derived),lesson-data-engineering,yes,self,"Lazy Evaluation: Transformations Plan, Actions Execute","Lazy Evaluation: Transformations Plan, Actions Execute",yes (133),"Lazy Evaluation: Transformations Plan, Actions Execute",SSR (template-derived from sampled lessons of the same route),unique (0.10 jaccard vs any sibling = chrome baseline),yes,4,"WebSite,Organization,SoftwareApplication,Person,BreadcrumbList,Article",keep
https://www.codesparring.dev/learn/data-engineering/spark-and-operations/de-l10-jobs-stages-tasks,200 (template-derived),lesson-data-engineering,yes,self,"Job, Stage, Task: Decomposing a Run You Have Never Seen","Job, Stage, Task: Decomposing a Run You Have Never Seen",yes (127),"Job, Stage, Task: Decomposing a Run You Have Never Seen",SSR (template-derived from sampled lessons of the same route),unique (0.10 jaccard vs any sibling = chrome baseline),yes,4,"WebSite,Organization,SoftwareApplication,Person,BreadcrumbList,Article",keep
https://www.codesparring.dev/learn/data-engineering/spark-and-operations/de-l10-narrow-wide-and-broadcast,200 (template-derived),lesson-data-engineering,yes,self,"Narrow, Wide, and the Broadcast Decision at 10 MB and 100 MB","Narrow, Wide, and the Broadcast Decision at 10 MB and 100 MB",yes (130),"Narrow, Wide, and the Broadcast Decision at 10 MB and 100 MB",SSR (template-derived from sampled lessons of the same route),unique (0.10 jaccard vs any sibling = chrome baseline),yes,4,"WebSite,Organization,SoftwareApplication,Person,BreadcrumbList,Article",keep
https://www.codesparring.dev/learn/data-engineering/spark-and-operations/de-l10-shuffle-partition-count,200 (template-derived),lesson-data-engineering,yes,self,Shuffle Partition Count: Why 200 Is Wrong for Your Job,Shuffle Partition Count: Why 200 Is Wrong for Your Job,yes (132),Shuffle Partition Count: Why 200 Is Wrong for Your Job,SSR (template-derived from sampled lessons of the same route),unique (0.10 jaccard vs any sibling = chrome baseline),yes,4,"WebSite,Organization,SoftwareApplication,Person,BreadcrumbList,Article",keep
https://www.codesparring.dev/learn/data-engineering/spark-and-operations/de-l10-diagnosing-skew,200 (template-derived),lesson-data-engineering,yes,self,"Skew Diagnosis: Max vs Median, Not Max vs Mean","Skew Diagnosis: Max vs Median, Not Max vs Mean",yes (122),"Skew Diagnosis: Max vs Median, Not Max vs Mean",SSR (template-derived from sampled lessons of the same route),unique (0.10 jaccard vs any sibling = chrome baseline),yes,4,"WebSite,Organization,SoftwareApplication,Person,BreadcrumbList,Article",keep
https://www.codesparring.dev/learn/data-engineering/spark-and-operations/de-l10-caching-and-slow-job-capstone,200 (template-derived),lesson-data-engineering,yes,self,"Caching Decisions, and the Slow-Job Investigation","Caching Decisions, and the Slow-Job Investigation",yes (127),"Caching Decisions, and the Slow-Job Investigation",SSR (template-derived from sampled lessons of the same route),unique (0.10 jaccard vs any sibling = chrome baseline),yes,4,"WebSite,Organization,SoftwareApplication,Person,BreadcrumbList,Article",keep
https://www.codesparring.dev/learn/data-engineering/spark-and-operations/de-l10-check-suites,200 (template-derived),lesson-data-engineering,yes,self,From One Check to a Severity-Ranked Check Ledger,From One Check to a Severity-Ranked Check Ledger,yes (127),From One Check to a Severity-Ranked Check Ledger,SSR (template-derived from sampled lessons of the same route),unique (0.10 jaccard vs any sibling = chrome baseline),yes,4,"WebSite,Organization,SoftwareApplication,Person,BreadcrumbList,Article",keep
https://www.codesparring.dev/learn/data-engineering/spark-and-operations/de-l10-observability-pillars,200 (template-derived),lesson-data-engineering,yes,self,The Five Pillars: Freshness and Volume Monitors in SQL,The Five Pillars: Freshness and Volume Monitors in SQL,yes (129),The Five Pillars: Freshness and Volume Monitors in SQL,SSR (template-derived from sampled lessons of the same route),unique (0.10 jaccard vs any sibling = chrome baseline),yes,4,"WebSite,Organization,SoftwareApplication,Person,BreadcrumbList,Article",keep
https://www.codesparring.dev/learn/data-engineering/spark-and-operations/de-l10-schema-drift-lineage-triage,200 (template-derived),lesson-data-engineering,yes,self,"Schema Drift, Lineage, and the Incident Walk","Schema Drift, Lineage, and the Incident Walk | CodeSparring",yes (137),"Schema Drift, Lineage, and the Incident Walk",SSR (template-derived from sampled lessons of the same route),unique (0.10 jaccard vs any sibling = chrome baseline),yes,4,"WebSite,Organization,SoftwareApplication,Person,BreadcrumbList,Article",keep
https://www.codesparring.dev/learn/data-engineering/spark-and-operations/de-l10-cost-per-query,200 (template-derived),lesson-data-engineering,yes,self,"FinOps: Cost per Query, Cost per Pipeline","FinOps: Cost per Query, Cost per Pipeline | CodeSparring",yes (142),"FinOps: Cost per Query, Cost per Pipeline",SSR (template-derived from sampled lessons of the same route),unique (0.10 jaccard vs any sibling = chrome baseline),yes,4,"WebSite,Organization,SoftwareApplication,Person,BreadcrumbList,Article",keep
https://www.codesparring.dev/learn/data-engineering/spark-and-operations/de-l10-parquet-partition-lever,200 (template-derived),lesson-data-engineering,yes,self,Quantifying the Parquet and Partitioning Lever,Quantifying the Parquet and Partitioning Lever,yes (144),Quantifying the Parquet and Partitioning Lever,SSR (template-derived from sampled lessons of the same route),unique (0.10 jaccard vs any sibling = chrome baseline),yes,4,"WebSite,Organization,SoftwareApplication,Person,BreadcrumbList,Article",keep
https://www.codesparring.dev/learn/data-engineering/spark-and-operations/de-l10-iam-least-privilege,200 (template-derived),lesson-data-engineering,yes,self,"IAM Least Privilege for a Pipeline, by Audit","IAM Least Privilege for a Pipeline, by Audit | CodeSparring",yes (136),"IAM Least Privilege for a Pipeline, by Audit",SSR (template-derived from sampled lessons of the same route),unique (0.10 jaccard vs any sibling = chrome baseline),yes,4,"WebSite,Organization,SoftwareApplication,Person,BreadcrumbList,Article",keep
https://www.codesparring.dev/learn/data-engineering/spark-and-operations/de-l10-pii-masking-audit,200 (template-derived),lesson-data-engineering,yes,self,"PII Tags, Masking Policies, and the Governance Audit","PII Tags, Masking Policies, and the Governance Audit",yes (118),"PII Tags, Masking Policies, and the Governance Audit",SSR (template-derived from sampled lessons of the same route),unique (0.10 jaccard vs any sibling = chrome baseline),yes,4,"WebSite,Organization,SoftwareApplication,Person,BreadcrumbList,Article",keep
https://www.codesparring.dev/learn/data-engineering/data-for-ai/de-l11-exact-dedup,200,lesson-data-engineering,yes,self,Deduplicating a Training Corpus with Hashes,Deduplicating a Training Corpus with Hashes | CodeSparring,yes (141),Deduplicating a Training Corpus with Hashes,SSR (verified: teach prose in initial HTML),unique (0.10 jaccard vs any sibling = chrome baseline),yes,3,"WebSite,Organization,SoftwareApplication,Person,BreadcrumbList,Article",improve
https://www.codesparring.dev/learn/data-engineering/data-for-ai/de-l11-pii-scrubbing,200 (template-derived),lesson-data-engineering,yes,self,PII Scrubbing Funnels Before Training,PII Scrubbing Funnels Before Training | CodeSparring,yes (135),PII Scrubbing Funnels Before Training,SSR (template-derived from sampled lessons of the same route),unique (0.10 jaccard vs any sibling = chrome baseline),yes,4,"WebSite,Organization,SoftwareApplication,Person,BreadcrumbList,Article",keep
https://www.codesparring.dev/learn/data-engineering/data-for-ai/de-l11-curation-funnel,200 (template-derived),lesson-data-engineering,yes,self,The Curation Funnel and Acceptance-Rate Monitoring,The Curation Funnel and Acceptance-Rate Monitoring,yes (143),The Curation Funnel and Acceptance-Rate Monitoring,SSR (template-derived from sampled lessons of the same route),unique (0.10 jaccard vs any sibling = chrome baseline),yes,4,"WebSite,Organization,SoftwareApplication,Person,BreadcrumbList,Article",keep
https://www.codesparring.dev/learn/data-engineering/data-for-ai/de-l11-semantic-models,200 (template-derived),lesson-data-engineering,yes,self,Semantic Models: the Text-to-SQL Accuracy Lever,Semantic Models: the Text-to-SQL Accuracy Lever,yes (147),Semantic Models: the Text-to-SQL Accuracy Lever,SSR (template-derived from sampled lessons of the same route),unique (0.10 jaccard vs any sibling = chrome baseline),yes,4,"WebSite,Organization,SoftwareApplication,Person,BreadcrumbList,Article",keep
https://www.codesparring.dev/learn/data-engineering/data-for-ai/de-l11-reviewing-ai-sql,200 (template-derived),lesson-data-engineering,yes,self,"Reviewing AI-Written SQL, and What Appreciates in the AI Era","Reviewing AI-Written SQL, and What Appreciates in the AI Era",yes (149),"Reviewing AI-Written SQL, and What Appreciates in the AI Era",SSR (template-derived from sampled lessons of the same route),unique (0.10 jaccard vs any sibling = chrome baseline),yes,3,"WebSite,Organization,SoftwareApplication,Person,BreadcrumbList,Article",keep
https://www.codesparring.dev/learn/system-design/interview-method/sd-l0-clarify-scope,200 (template-derived),lesson-system-design,yes,self,Clarifying a Vague Prompt,Clarifying a Vague Prompt | CodeSparring,yes (106),Clarifying a Vague Prompt,SSR (template-derived from sampled lessons of the same route),unique (0.10 jaccard vs any sibling = chrome baseline),yes,27,"WebSite,Organization,SoftwareApplication,Person,BreadcrumbList,Article",keep
https://www.codesparring.dev/learn/system-design/interview-method/sd-l0-functional-requirements,200 (template-derived),lesson-system-design,yes,self,Functional Requirements,Functional Requirements · Learn System Design | CodeSparring,yes (123),Functional Requirements,SSR (template-derived from sampled lessons of the same route),unique (0.10 jaccard vs any sibling = chrome baseline),yes,27,"WebSite,Organization,SoftwareApplication,Person,BreadcrumbList,Article",keep
https://www.codesparring.dev/learn/system-design/interview-method/sd-l0-nonfunctional-requirements,200 (template-derived),lesson-system-design,yes,self,"Non-Functional Requirements, Quantified","Non-Functional Requirements, Quantified | CodeSparring",yes (123),"Non-Functional Requirements, Quantified",SSR (template-derived from sampled lessons of the same route),unique (0.10 jaccard vs any sibling = chrome baseline),yes,27,"WebSite,Organization,SoftwareApplication,Person,BreadcrumbList,Article",keep
https://www.codesparring.dev/learn/system-design/interview-method/sd-l0-core-entities-api,200 (template-derived),lesson-system-design,yes,self,Core Entities & the API Sketch,Core Entities & the API Sketch | CodeSparring,yes (144),Core Entities & the API Sketch,SSR (template-derived from sampled lessons of the same route),unique (0.10 jaccard vs any sibling = chrome baseline),yes,4,"WebSite,Organization,SoftwareApplication,Person,BreadcrumbList,Article",keep
https://www.codesparring.dev/learn/system-design/interview-method/sd-l0-fermi-estimation,200 (template-derived),lesson-system-design,yes,self,The Fermi Estimation Method,The Fermi Estimation Method | CodeSparring,yes (143),The Fermi Estimation Method,SSR (template-derived from sampled lessons of the same route),unique (0.10 jaccard vs any sibling = chrome baseline),yes,5,"WebSite,Organization,SoftwareApplication,Person,BreadcrumbList,Article",keep
https://www.codesparring.dev/learn/system-design/interview-method/sd-l0-qps-read-write,200 (template-derived),lesson-system-design,yes,self,QPS and Read-vs-Write Modeling,QPS and Read-vs-Write Modeling | CodeSparring,yes (133),QPS and Read-vs-Write Modeling,SSR (template-derived from sampled lessons of the same route),unique (0.10 jaccard vs any sibling = chrome baseline),yes,4,"WebSite,Organization,SoftwareApplication,Person,BreadcrumbList,Article",keep
https://www.codesparring.dev/learn/system-design/interview-method/sd-l0-storage-bandwidth-cache,200 (template-derived),lesson-system-design,yes,self,"Storage, Bandwidth & Cache Sizing","Storage, Bandwidth & Cache Sizing | CodeSparring",yes (138),"Storage, Bandwidth & Cache Sizing",SSR (template-derived from sampled lessons of the same route),unique (0.10 jaccard vs any sibling = chrome baseline),yes,4,"WebSite,Organization,SoftwareApplication,Person,BreadcrumbList,Article",keep
https://www.codesparring.dev/learn/system-design/interview-method/sd-l0-latency-numbers,200 (template-derived),lesson-system-design,yes,self,Latency Numbers Every Engineer Should Know,Latency Numbers Every Engineer Should Know | CodeSparring,yes (136),Latency Numbers Every Engineer Should Know,SSR (template-derived from sampled lessons of the same route),unique (0.10 jaccard vs any sibling = chrome baseline),yes,4,"WebSite,Organization,SoftwareApplication,Person,BreadcrumbList,Article",keep
https://www.codesparring.dev/learn/system-design/interview-method/sd-l0-phased-delivery-clock,200 (template-derived),lesson-system-design,yes,self,Phased Delivery & the Interview Clock,Phased Delivery & the Interview Clock | CodeSparring,yes (146),Phased Delivery & the Interview Clock,SSR (template-derived from sampled lessons of the same route),unique (0.10 jaccard vs any sibling = chrome baseline),yes,4,"WebSite,Organization,SoftwareApplication,Person,BreadcrumbList,Article",keep
https://www.codesparring.dev/learn/system-design/interview-method/sd-l0-high-level-dataflow,200 (template-derived),lesson-system-design,yes,self,High-Level Architecture & Data-Flow,High-Level Architecture & Data-Flow | CodeSparring,yes (149),High-Level Architecture & Data-Flow,SSR (template-derived from sampled lessons of the same route),unique (0.10 jaccard vs any sibling = chrome baseline),yes,4,"WebSite,Organization,SoftwareApplication,Person,BreadcrumbList,Article",keep
https://www.codesparring.dev/learn/system-design/interview-method/sd-l0-deep-dives-wrapup,200 (template-derived),lesson-system-design,yes,self,Deep Dives & the Operational Wrap-Up,Deep Dives & the Operational Wrap-Up | CodeSparring,yes (138),Deep Dives & the Operational Wrap-Up,SSR (template-derived from sampled lessons of the same route),unique (0.10 jaccard vs any sibling = chrome baseline),yes,4,"WebSite,Organization,SoftwareApplication,Person,BreadcrumbList,Article",keep
https://www.codesparring.dev/learn/system-design/interview-method/sd-l0-tradeoff-articulation,200 (template-derived),lesson-system-design,yes,self,Trade-off Articulation & Decision Framing,Trade-off Articulation & Decision Framing | CodeSparring,yes (144),Trade-off Articulation & Decision Framing,SSR (template-derived from sampled lessons of the same route),unique (0.10 jaccard vs any sibling = chrome baseline),yes,4,"WebSite,Organization,SoftwareApplication,Person,BreadcrumbList,Article",keep
https://www.codesparring.dev/learn/system-design/interview-method/sd-l0-level-calibration,200 (template-derived),lesson-system-design,yes,self,Level Calibration: Junior vs Senior vs Staff,Level Calibration: Junior vs Senior vs Staff | CodeSparring,yes (144),Level Calibration: Junior vs Senior vs Staff,SSR (template-derived from sampled lessons of the same route),unique (0.10 jaccard vs any sibling = chrome baseline),yes,4,"WebSite,Organization,SoftwareApplication,Person,BreadcrumbList,Article",keep
https://www.codesparring.dev/learn/system-design/interview-method/sd-l0-template-pitfalls,200 (template-derived),lesson-system-design,yes,self,A Reusable Template & the Top Pitfalls,A Reusable Template & the Top Pitfalls | CodeSparring,yes (155),A Reusable Template & the Top Pitfalls,SSR (template-derived from sampled lessons of the same route),unique (0.10 jaccard vs any sibling = chrome baseline),yes,4,"WebSite,Organization,SoftwareApplication,Person,BreadcrumbList,Article",keep
https://www.codesparring.dev/learn/system-design/interview-method/sd-l0-communication-whiteboarding,200 (template-derived),lesson-system-design,yes,self,"Communication, Whiteboarding & Reading the Interviewer","Communication, Whiteboarding & Reading the Interviewer",yes (149),"Communication, Whiteboarding & Reading the Interviewer",SSR (template-derived from sampled lessons of the same route),unique (0.10 jaccard vs any sibling = chrome baseline),yes,3,"WebSite,Organization,SoftwareApplication,Person,BreadcrumbList,Article",keep
https://www.codesparring.dev/learn/system-design/foundations/sd-l1-network-stack,200 (template-derived),lesson-system-design,yes,self,The Network Stack (OSI / TCP-IP),The Network Stack (OSI / TCP-IP) | CodeSparring,yes (124),The Network Stack (OSI / TCP-IP),SSR (template-derived from sampled lessons of the same route),unique (0.10 jaccard vs any sibling = chrome baseline),yes,3,"WebSite,Organization,SoftwareApplication,Person,BreadcrumbList,Article",keep
https://www.codesparring.dev/learn/system-design/foundations/sd-l1-dns,200,lesson-system-design,yes,self,DNS Resolution & Traffic Steering,DNS Resolution & Traffic Steering | CodeSparring,yes (146),DNS Resolution & Traffic Steering,SSR (verified: teach prose in initial HTML),unique (0.10 jaccard vs any sibling = chrome baseline),yes,4,"WebSite,Organization,SoftwareApplication,Person,BreadcrumbList,Article",keep
https://www.codesparring.dev/learn/system-design/foundations/sd-l1-tcp-udp,200 (template-derived),lesson-system-design,yes,self,TCP & UDP Fundamentals,TCP & UDP Fundamentals · Learn System Design | CodeSparring,yes (148),TCP & UDP Fundamentals,SSR (template-derived from sampled lessons of the same route),unique (0.10 jaccard vs any sibling = chrome baseline),yes,4,"WebSite,Organization,SoftwareApplication,Person,BreadcrumbList,Article",keep
https://www.codesparring.dev/learn/system-design/foundations/sd-l1-tls-https,200,lesson-system-design,yes,self,TLS / HTTPS & the Secure Handshake,TLS / HTTPS & the Secure Handshake | CodeSparring,yes (143),TLS / HTTPS & the Secure Handshake,SSR (verified: teach prose in initial HTML),unique (0.10 jaccard vs any sibling = chrome baseline),yes,4,"WebSite,Organization,SoftwareApplication,Person,BreadcrumbList,Article",keep
https://www.codesparring.dev/learn/system-design/foundations/sd-l1-http-versions,200 (template-derived),lesson-system-design,yes,self,HTTP/1.1 vs 2 vs 3 (QUIC),HTTP/1.1 vs 2 vs 3 (QUIC) | CodeSparring,yes (145),HTTP/1.1 vs 2 vs 3 (QUIC),SSR (template-derived from sampled lessons of the same route),unique (0.10 jaccard vs any sibling = chrome baseline),yes,4,"WebSite,Organization,SoftwareApplication,Person,BreadcrumbList,Article",keep
https://www.codesparring.dev/learn/system-design/foundations/sd-l1-request-lifecycle,200 (template-derived),lesson-system-design,yes,self,End-to-End Request Lifecycle,End-to-End Request Lifecycle | CodeSparring,yes (143),End-to-End Request Lifecycle,SSR (template-derived from sampled lessons of the same route),unique (0.10 jaccard vs any sibling = chrome baseline),yes,4,"WebSite,Organization,SoftwareApplication,Person,BreadcrumbList,Article",keep
https://www.codesparring.dev/learn/system-design/foundations/sd-l1-api-paradigms,200 (template-derived),lesson-system-design,yes,self,REST vs gRPC vs GraphQL,REST vs gRPC vs GraphQL · Learn System Design | CodeSparring,yes (140),REST vs gRPC vs GraphQL,SSR (template-derived from sampled lessons of the same route),unique (0.10 jaccard vs any sibling = chrome baseline),yes,4,"WebSite,Organization,SoftwareApplication,Person,BreadcrumbList,Article",keep
https://www.codesparring.dev/learn/system-design/foundations/sd-l1-contract-design,200 (template-derived),lesson-system-design,yes,self,Contract & Schema-First Design,Contract & Schema-First Design | CodeSparring,yes (155),Contract & Schema-First Design,SSR (template-derived from sampled lessons of the same route),unique (0.10 jaccard vs any sibling = chrome baseline),yes,4,"WebSite,Organization,SoftwareApplication,Person,BreadcrumbList,Article",keep
https://www.codesparring.dev/learn/system-design/foundations/sd-l1-versioning,200 (template-derived),lesson-system-design,yes,self,Versioning & Backward Compatibility,Versioning & Backward Compatibility | CodeSparring,yes (146),Versioning & Backward Compatibility,SSR (template-derived from sampled lessons of the same route),unique (0.10 jaccard vs any sibling = chrome baseline),yes,4,"WebSite,Organization,SoftwareApplication,Person,BreadcrumbList,Article",keep
https://www.codesparring.dev/learn/system-design/foundations/sd-l1-idempotency-retries,200 (template-derived),lesson-system-design,yes,self,Idempotency & Safe Retries,Idempotency & Safe Retries | CodeSparring,yes (137),Idempotency & Safe Retries,SSR (template-derived from sampled lessons of the same route),unique (0.10 jaccard vs any sibling = chrome baseline),yes,4,"WebSite,Organization,SoftwareApplication,Person,BreadcrumbList,Article",keep
https://www.codesparring.dev/learn/system-design/foundations/sd-l1-pagination-errors,200 (template-derived),lesson-system-design,yes,self,Pagination & Error Modeling,Pagination & Error Modeling | CodeSparring,yes (143),Pagination & Error Modeling,SSR (template-derived from sampled lessons of the same route),unique (0.10 jaccard vs any sibling = chrome baseline),yes,4,"WebSite,Organization,SoftwareApplication,Person,BreadcrumbList,Article",keep
https://www.codesparring.dev/learn/system-design/foundations/sd-l1-realtime-comms,200 (template-derived),lesson-system-design,yes,self,"Real-Time: WebSocket, SSE, Long-Poll, Short-Poll, Webhooks","Real-Time: WebSocket, SSE, Long-Poll, Short-Poll, Webhooks",yes (155),"Real-Time: WebSocket, SSE, Long-Poll, Short-Poll, Webhooks",SSR (template-derived from sampled lessons of the same route),unique (0.10 jaccard vs any sibling = chrome baseline),yes,4,"WebSite,Organization,SoftwareApplication,Person,BreadcrumbList,Article",keep
https://www.codesparring.dev/learn/system-design/foundations/sd-l1-http-semantics,200 (template-derived),lesson-system-design,yes,self,"HTTP Semantics: Methods, Status Codes & Caching Headers","HTTP Semantics: Methods, Status Codes & Caching Headers",yes (155),"HTTP Semantics: Methods, Status Codes & Caching Headers",SSR (template-derived from sampled lessons of the same route),unique (0.10 jaccard vs any sibling = chrome baseline),yes,4,"WebSite,Organization,SoftwareApplication,Person,BreadcrumbList,Article",keep
https://www.codesparring.dev/learn/system-design/foundations/sd-l1-serialization-compression,200 (template-derived),lesson-system-design,yes,self,"Serialization, Content Negotiation & Compression","Serialization, Content Negotiation & Compression",yes (145),"Serialization, Content Negotiation & Compression",SSR (template-derived from sampled lessons of the same route),unique (0.10 jaccard vs any sibling = chrome baseline),yes,4,"WebSite,Organization,SoftwareApplication,Person,BreadcrumbList,Article",keep
https://www.codesparring.dev/learn/system-design/foundations/sd-l1-load-balancing,200,lesson-system-design,yes,self,Load Balancing: L4 vs L7 & Health Checks,Load Balancing: L4 vs L7 & Health Checks | CodeSparring,yes (148),Load Balancing: L4 vs L7 & Health Checks,SSR (verified: teach prose in initial HTML),unique (0.10 jaccard vs any sibling = chrome baseline),yes,4,"WebSite,Organization,SoftwareApplication,Person,BreadcrumbList,Article",improve
https://www.codesparring.dev/learn/system-design/foundations/sd-l1-reverse-proxy-gateway,200,lesson-system-design,yes,self,"Reverse Proxy, API Gateway & the Edge","Reverse Proxy, API Gateway & the Edge | CodeSparring",yes (150),"Reverse Proxy, API Gateway & the Edge",SSR (verified: teach prose in initial HTML),unique (0.10 jaccard vs any sibling = chrome baseline),yes,4,"WebSite,Organization,SoftwareApplication,Person,BreadcrumbList,Article",keep
https://www.codesparring.dev/learn/system-design/foundations/sd-l1-cdn-caching-foundations,200 (template-derived),lesson-system-design,yes,self,CDN & Caching Across Layers,CDN & Caching Across Layers | CodeSparring,yes (139),CDN & Caching Across Layers,SSR (template-derived from sampled lessons of the same route),unique (0.10 jaccard vs any sibling = chrome baseline),yes,4,"WebSite,Organization,SoftwareApplication,Person,BreadcrumbList,Article",keep
https://www.codesparring.dev/learn/system-design/foundations/sd-l1-latency-percentiles,200 (template-derived),lesson-system-design,yes,self,"Latency, Throughput, Percentiles & Little's Law","Latency, Throughput, Percentiles & Little's Law",yes (141),"Latency, Throughput, Percentiles & Little's Law",SSR (template-derived from sampled lessons of the same route),unique (0.10 jaccard vs any sibling = chrome baseline),yes,4,"WebSite,Organization,SoftwareApplication,Person,BreadcrumbList,Article",keep
https://www.codesparring.dev/learn/system-design/foundations/sd-l1-resilience-primitives,200 (template-derived),lesson-system-design,yes,self,Cascading Failure & Resilience Primitives,Cascading Failure & Resilience Primitives | CodeSparring,yes (155),Cascading Failure & Resilience Primitives,SSR (template-derived from sampled lessons of the same route),unique (0.10 jaccard vs any sibling = chrome baseline),yes,4,"WebSite,Organization,SoftwareApplication,Person,BreadcrumbList,Article",improve
https://www.codesparring.dev/learn/system-design/foundations/sd-l1-backpressure-shedding,200,lesson-system-design,yes,self,"Backpressure, Flow Control & Load Shedding","Backpressure, Flow Control & Load Shedding | CodeSparring",yes (148),"Backpressure, Flow Control & Load Shedding",SSR (verified: teach prose in initial HTML),unique (0.10 jaccard vs any sibling = chrome baseline),yes,4,"WebSite,Organization,SoftwareApplication,Person,BreadcrumbList,Article",improve
https://www.codesparring.dev/learn/system-design/foundations/sd-l1-concurrency-models,200 (template-derived),lesson-system-design,yes,self,"Server Concurrency: Thread-per-Request vs Event Loop, C10k","Server Concurrency: Thread-per-Request vs Event Loop, C10k",yes (155),"Server Concurrency: Thread-per-Request vs Event Loop, C10k",SSR (template-derived from sampled lessons of the same route),unique (0.10 jaccard vs any sibling = chrome baseline),yes,3,"WebSite,Organization,SoftwareApplication,Person,BreadcrumbList,Article",keep
https://www.codesparring.dev/learn/system-design/data-storage/sd-l2-relational-acid,200 (template-derived),lesson-system-design,yes,self,The Relational Model & ACID,The Relational Model & ACID | CodeSparring,yes (147),The Relational Model & ACID,SSR (template-derived from sampled lessons of the same route),unique (0.10 jaccard vs any sibling = chrome baseline),yes,3,"WebSite,Organization,SoftwareApplication,Person,BreadcrumbList,Article",keep
https://www.codesparring.dev/learn/system-design/data-storage/sd-l2-isolation-levels,200 (template-derived),lesson-system-design,yes,self,Isolation Levels & Read Anomalies,Isolation Levels & Read Anomalies | CodeSparring,yes (129),Isolation Levels & Read Anomalies,SSR (template-derived from sampled lessons of the same route),unique (0.10 jaccard vs any sibling = chrome baseline),yes,4,"WebSite,Organization,SoftwareApplication,Person,BreadcrumbList,Article",improve
https://www.codesparring.dev/learn/system-design/data-storage/sd-l2-mvcc-locking,200 (template-derived),lesson-system-design,yes,self,"Concurrency Control: MVCC, Locking, OCC","Concurrency Control: MVCC, Locking, OCC | CodeSparring",yes (136),"Concurrency Control: MVCC, Locking, OCC",SSR (template-derived from sampled lessons of the same route),unique (0.10 jaccard vs any sibling = chrome baseline),yes,4,"WebSite,Organization,SoftwareApplication,Person,BreadcrumbList,Article",keep
https://www.codesparring.dev/learn/system-design/data-storage/sd-l2-btree-vs-lsm,200 (template-derived),lesson-system-design,yes,self,B-Tree vs LSM-Tree,B-Tree vs LSM-Tree · Learn System Design | CodeSparring,yes (123),B-Tree vs LSM-Tree,SSR (template-derived from sampled lessons of the same route),unique (0.10 jaccard vs any sibling = chrome baseline),yes,4,"WebSite,Organization,SoftwareApplication,Person,BreadcrumbList,Article",keep
https://www.codesparring.dev/learn/system-design/data-storage/sd-l2-indexing-cost,200 (template-derived),lesson-system-design,yes,self,"Indexing: Types, Structure & Cost","Indexing: Types, Structure & Cost | CodeSparring",yes (143),"Indexing: Types, Structure & Cost",SSR (template-derived from sampled lessons of the same route),unique (0.10 jaccard vs any sibling = chrome baseline),yes,4,"WebSite,Organization,SoftwareApplication,Person,BreadcrumbList,Article",keep
https://www.codesparring.dev/learn/system-design/data-storage/sd-l2-physical-storage-wal,200 (template-derived),lesson-system-design,yes,self,"Physical Storage: Pages, Buffer Pool & WAL","Physical Storage: Pages, Buffer Pool & WAL | CodeSparring",yes (151),"Physical Storage: Pages, Buffer Pool & WAL",SSR (template-derived from sampled lessons of the same route),unique (0.10 jaccard vs any sibling = chrome baseline),yes,4,"WebSite,Organization,SoftwareApplication,Person,BreadcrumbList,Article",keep
https://www.codesparring.dev/learn/system-design/data-storage/sd-l2-key-value,200 (template-derived),lesson-system-design,yes,self,Key-Value Stores,Key-Value Stores · Learn System Design | CodeSparring,yes (154),Key-Value Stores,SSR (template-derived from sampled lessons of the same route),unique (0.10 jaccard vs any sibling = chrome baseline),yes,4,"WebSite,Organization,SoftwareApplication,Person,BreadcrumbList,Article",keep
https://www.codesparring.dev/learn/system-design/data-storage/sd-l2-document,200 (template-derived),lesson-system-design,yes,self,Document Databases,Document Databases · Learn System Design | CodeSparring,yes (151),Document Databases,SSR (template-derived from sampled lessons of the same route),unique (0.10 jaccard vs any sibling = chrome baseline),yes,4,"WebSite,Organization,SoftwareApplication,Person,BreadcrumbList,Article",keep
https://www.codesparring.dev/learn/system-design/data-storage/sd-l2-wide-column,200 (template-derived),lesson-system-design,yes,self,Wide-Column / Column-Family Stores,Wide-Column / Column-Family Stores | CodeSparring,yes (117),Wide-Column / Column-Family Stores,SSR (template-derived from sampled lessons of the same route),unique (0.10 jaccard vs any sibling = chrome baseline),yes,4,"WebSite,Organization,SoftwareApplication,Person,BreadcrumbList,Article",keep
https://www.codesparring.dev/learn/system-design/data-storage/sd-l2-graph,200 (template-derived),lesson-system-design,yes,self,Graph Databases,Graph Databases · Learn System Design | CodeSparring,yes (151),Graph Databases,SSR (template-derived from sampled lessons of the same route),unique (0.10 jaccard vs any sibling = chrome baseline),yes,4,"WebSite,Organization,SoftwareApplication,Person,BreadcrumbList,Article",keep
https://www.codesparring.dev/learn/system-design/data-storage/sd-l2-time-series,200 (template-derived),lesson-system-design,yes,self,Time-Series Databases,Time-Series Databases · Learn System Design | CodeSparring,yes (115),Time-Series Databases,SSR (template-derived from sampled lessons of the same route),unique (0.10 jaccard vs any sibling = chrome baseline),yes,4,"WebSite,Organization,SoftwareApplication,Person,BreadcrumbList,Article",improve
https://www.codesparring.dev/learn/system-design/data-storage/sd-l2-vector-embeddings,200 (template-derived),lesson-system-design,yes,self,Vector Databases & Embeddings,Vector Databases & Embeddings | CodeSparring,yes (132),Vector Databases & Embeddings,SSR (template-derived from sampled lessons of the same route),unique (0.10 jaccard vs any sibling = chrome baseline),yes,4,"WebSite,Organization,SoftwareApplication,Person,BreadcrumbList,Article",keep
https://www.codesparring.dev/learn/system-design/data-storage/sd-l2-normalization-denorm,200 (template-derived),lesson-system-design,yes,self,Normalization vs Denormalization,Normalization vs Denormalization | CodeSparring,yes (123),Normalization vs Denormalization,SSR (template-derived from sampled lessons of the same route),unique (0.10 jaccard vs any sibling = chrome baseline),yes,4,"WebSite,Organization,SoftwareApplication,Person,BreadcrumbList,Article",keep
https://www.codesparring.dev/learn/system-design/data-storage/sd-l2-access-pattern-modeling,200 (template-derived),lesson-system-design,yes,self,Query-First Data Modeling,Query-First Data Modeling | CodeSparring,yes (117),Query-First Data Modeling,SSR (template-derived from sampled lessons of the same route),unique (0.10 jaccard vs any sibling = chrome baseline),yes,4,"WebSite,Organization,SoftwareApplication,Person,BreadcrumbList,Article",keep
https://www.codesparring.dev/learn/system-design/data-storage/sd-l2-keys-ids-constraints,200 (template-derived),lesson-system-design,yes,self,"Keys, IDs & Constraints","Keys, IDs & Constraints · Learn System Design | CodeSparring",yes (126),"Keys, IDs & Constraints",SSR (template-derived from sampled lessons of the same route),unique (0.10 jaccard vs any sibling = chrome baseline),yes,4,"WebSite,Organization,SoftwareApplication,Person,BreadcrumbList,Article",keep
https://www.codesparring.dev/learn/system-design/data-storage/sd-l2-blob-object-storage,200 (template-derived),lesson-system-design,yes,self,Blob / Object Storage,Blob / Object Storage · Learn System Design | CodeSparring,yes (123),Blob / Object Storage,SSR (template-derived from sampled lessons of the same route),unique (0.10 jaccard vs any sibling = chrome baseline),yes,4,"WebSite,Organization,SoftwareApplication,Person,BreadcrumbList,Article",keep
https://www.codesparring.dev/learn/system-design/data-storage/sd-l2-choosing-db-polyglot,200 (template-derived),lesson-system-design,yes,self,Choosing a Database & Polyglot Persistence,Choosing a Database & Polyglot Persistence | CodeSparring,yes (126),Choosing a Database & Polyglot Persistence,SSR (template-derived from sampled lessons of the same route),unique (0.10 jaccard vs any sibling = chrome baseline),yes,3,"WebSite,Organization,SoftwareApplication,Person,BreadcrumbList,Article",keep
https://www.codesparring.dev/learn/system-design/scaling-data/sd-l3-read-replicas,200 (template-derived),lesson-system-design,yes,self,Read Scaling with Replicas,Read Scaling with Replicas | CodeSparring,yes (131),Read Scaling with Replicas,SSR (template-derived from sampled lessons of the same route),unique (0.10 jaccard vs any sibling = chrome baseline),yes,3,"WebSite,Organization,SoftwareApplication,Person,BreadcrumbList,Article",keep
https://www.codesparring.dev/learn/system-design/scaling-data/sd-l3-replication-topologies,200 (template-derived),lesson-system-design,yes,self,Replication Topologies & Consistency,Replication Topologies & Consistency | CodeSparring,yes (135),Replication Topologies & Consistency,SSR (template-derived from sampled lessons of the same route),unique (0.10 jaccard vs any sibling = chrome baseline),yes,4,"WebSite,Organization,SoftwareApplication,Person,BreadcrumbList,Article",keep
https://www.codesparring.dev/learn/system-design/scaling-data/sd-l3-replication-lag-session,200 (template-derived),lesson-system-design,yes,self,Replication Lag & Session Guarantees,Replication Lag & Session Guarantees | CodeSparring,yes (142),Replication Lag & Session Guarantees,SSR (template-derived from sampled lessons of the same route),unique (0.10 jaccard vs any sibling = chrome baseline),yes,4,"WebSite,Organization,SoftwareApplication,Person,BreadcrumbList,Article",keep
https://www.codesparring.dev/learn/system-design/scaling-data/sd-l3-partitioning-strategies,200 (template-derived),lesson-system-design,yes,self,Partitioning Strategies: Range vs Hash vs Directory,Partitioning Strategies: Range vs Hash vs Directory,yes (126),Partitioning Strategies: Range vs Hash vs Directory,SSR (template-derived from sampled lessons of the same route),unique (0.10 jaccard vs any sibling = chrome baseline),yes,4,"WebSite,Organization,SoftwareApplication,Person,BreadcrumbList,Article",keep
https://www.codesparring.dev/learn/system-design/scaling-data/sd-l3-consistent-hashing,200 (template-derived),lesson-system-design,yes,self,"Consistent Hashing, Virtual Nodes & Rebalancing","Consistent Hashing, Virtual Nodes & Rebalancing",yes (155),"Consistent Hashing, Virtual Nodes & Rebalancing",SSR (template-derived from sampled lessons of the same route),unique (0.10 jaccard vs any sibling = chrome baseline),yes,5,"WebSite,Organization,SoftwareApplication,Person,BreadcrumbList,Article",keep
https://www.codesparring.dev/learn/system-design/scaling-data/sd-l3-shard-key-hotspots,200 (template-derived),lesson-system-design,yes,self,"Shard-Key Selection, Hotspots & the Celebrity Problem","Shard-Key Selection, Hotspots & the Celebrity Problem",yes (127),"Shard-Key Selection, Hotspots & the Celebrity Problem",SSR (template-derived from sampled lessons of the same route),unique (0.10 jaccard vs any sibling = chrome baseline),yes,4,"WebSite,Organization,SoftwareApplication,Person,BreadcrumbList,Article",keep
https://www.codesparring.dev/learn/system-design/scaling-data/sd-l3-cross-shard-ops,200 (template-derived),lesson-system-design,yes,self,Cross-Shard Operations & Distributed Transactions,Cross-Shard Operations & Distributed Transactions,yes (155),Cross-Shard Operations & Distributed Transactions,SSR (template-derived from sampled lessons of the same route),unique (0.10 jaccard vs any sibling = chrome baseline),yes,4,"WebSite,Organization,SoftwareApplication,Person,BreadcrumbList,Article",keep
https://www.codesparring.dev/learn/system-design/scaling-data/sd-l3-caching-patterns,200 (template-derived),lesson-system-design,yes,self,Caching Patterns & Write Policies,Caching Patterns & Write Policies | CodeSparring,yes (155),Caching Patterns & Write Policies,SSR (template-derived from sampled lessons of the same route),unique (0.10 jaccard vs any sibling = chrome baseline),yes,4,"WebSite,Organization,SoftwareApplication,Person,BreadcrumbList,Article",keep
https://www.codesparring.dev/learn/system-design/scaling-data/sd-l3-cache-stampede-hotkey,200 (template-derived),lesson-system-design,yes,self,"Cache Stampede, Thundering Herd & Hot Keys","Cache Stampede, Thundering Herd & Hot Keys | CodeSparring",yes (142),"Cache Stampede, Thundering Herd & Hot Keys",SSR (template-derived from sampled lessons of the same route),unique (0.10 jaccard vs any sibling = chrome baseline),yes,4,"WebSite,Organization,SoftwareApplication,Person,BreadcrumbList,Article",keep
https://www.codesparring.dev/learn/system-design/scaling-data/sd-l3-distributed-cache-arch,200 (template-derived),lesson-system-design,yes,self,Distributed Cache Architecture,Distributed Cache Architecture | CodeSparring,yes (138),Distributed Cache Architecture,SSR (template-derived from sampled lessons of the same route),unique (0.10 jaccard vs any sibling = chrome baseline),yes,4,"WebSite,Organization,SoftwareApplication,Person,BreadcrumbList,Article",keep
https://www.codesparring.dev/learn/system-design/scaling-data/sd-l3-cdn-scale,200 (template-derived),lesson-system-design,yes,self,CDN & Edge Caching at Scale,CDN & Edge Caching at Scale | CodeSparring,yes (144),CDN & Edge Caching at Scale,SSR (template-derived from sampled lessons of the same route),unique (0.10 jaccard vs any sibling = chrome baseline),yes,4,"WebSite,Organization,SoftwareApplication,Person,BreadcrumbList,Article",keep
https://www.codesparring.dev/learn/system-design/scaling-data/sd-l3-search-inverted-index,200 (template-derived),lesson-system-design,yes,self,Full-Text Search & the Inverted Index,Full-Text Search & the Inverted Index | CodeSparring,yes (133),Full-Text Search & the Inverted Index,SSR (template-derived from sampled lessons of the same route),unique (0.10 jaccard vs any sibling = chrome baseline),yes,4,"WebSite,Organization,SoftwareApplication,Person,BreadcrumbList,Article",keep
https://www.codesparring.dev/learn/system-design/scaling-data/sd-l3-vector-hybrid-search,200 (template-derived),lesson-system-design,yes,self,"Vector, Semantic & Hybrid Search","Vector, Semantic & Hybrid Search | CodeSparring",yes (138),"Vector, Semantic & Hybrid Search",SSR (template-derived from sampled lessons of the same route),unique (0.10 jaccard vs any sibling = chrome baseline),yes,4,"WebSite,Organization,SoftwareApplication,Person,BreadcrumbList,Article",keep
https://www.codesparring.dev/learn/system-design/scaling-data/sd-l3-geospatial-indexing,200 (template-derived),lesson-system-design,yes,self,"Geospatial Indexing: Geohash, Quadtree, S2 & H3","Geospatial Indexing: Geohash, Quadtree, S2 & H3",yes (135),"Geospatial Indexing: Geohash, Quadtree, S2 & H3",SSR (template-derived from sampled lessons of the same route),unique (0.10 jaccard vs any sibling = chrome baseline),yes,4,"WebSite,Organization,SoftwareApplication,Person,BreadcrumbList,Article",keep
https://www.codesparring.dev/learn/system-design/scaling-data/sd-l3-denorm-fanout,200 (template-derived),lesson-system-design,yes,self,"Denormalization, Precomputation & Materialized Views","Denormalization, Precomputation & Materialized Views",yes (153),"Denormalization, Precomputation & Materialized Views",SSR (template-derived from sampled lessons of the same route),unique (0.10 jaccard vs any sibling = chrome baseline),yes,4,"WebSite,Organization,SoftwareApplication,Person,BreadcrumbList,Article",keep
https://www.codesparring.dev/learn/system-design/scaling-data/sd-l3-cdc-dual-write,200 (template-derived),lesson-system-design,yes,self,Keeping Derived Stores in Sync (CDC & Outbox),Keeping Derived Stores in Sync (CDC & Outbox) | CodeSparring,yes (142),Keeping Derived Stores in Sync (CDC & Outbox),SSR (template-derived from sampled lessons of the same route),unique (0.10 jaccard vs any sibling = chrome baseline),yes,3,"WebSite,Organization,SoftwareApplication,Person,BreadcrumbList,Article",keep
https://www.codesparring.dev/learn/system-design/scaling-compute/sd-l4-horizontal-stateless,200 (template-derived),lesson-system-design,yes,self,Horizontal vs Vertical Scaling & Stateless Services,Horizontal vs Vertical Scaling & Stateless Services,yes (136),Horizontal vs Vertical Scaling & Stateless Services,SSR (template-derived from sampled lessons of the same route),unique (0.10 jaccard vs any sibling = chrome baseline),yes,3,"WebSite,Organization,SoftwareApplication,Person,BreadcrumbList,Article",improve
https://www.codesparring.dev/learn/system-design/scaling-compute/sd-l4-lb-l4-l7,200,lesson-system-design,yes,self,Load Balancer Fundamentals: L4 vs L7,Load Balancer Fundamentals: L4 vs L7 | CodeSparring,yes (125),Load Balancer Fundamentals: L4 vs L7,SSR (verified: teach prose in initial HTML),unique text (0.10 jaccard = chrome baseline) but DUPLICATE INTENT with sd-l1-load-balancing,yes,4,"WebSite,Organization,SoftwareApplication,Person,BreadcrumbList,Article",improve
https://www.codesparring.dev/learn/system-design/scaling-compute/sd-l4-lb-algorithms,200 (template-derived),lesson-system-design,yes,self,Load-Balancing Algorithms & Session Affinity,Load-Balancing Algorithms & Session Affinity | CodeSparring,yes (142),Load-Balancing Algorithms & Session Affinity,SSR (template-derived from sampled lessons of the same route),unique text (0.10 jaccard = chrome baseline) but DUPLICATE INTENT with sd-l1-load-balancing,yes,4,"WebSite,Organization,SoftwareApplication,Person,BreadcrumbList,Article",improve
https://www.codesparring.dev/learn/system-design/scaling-compute/sd-l4-health-checks,200 (template-derived),lesson-system-design,yes,self,"Health Checks, Draining & Graceful Rollout","Health Checks, Draining & Graceful Rollout | CodeSparring",yes (144),"Health Checks, Draining & Graceful Rollout",SSR (template-derived from sampled lessons of the same route),unique text (0.10 jaccard = chrome baseline) but DUPLICATE INTENT with sd-l1-load-balancing / sd-l7-redundancy-failover,yes,4,"WebSite,Organization,SoftwareApplication,Person,BreadcrumbList,Article",improve
https://www.codesparring.dev/learn/system-design/scaling-compute/sd-l4-service-discovery,200 (template-derived),lesson-system-design,yes,self,Service Discovery & Client vs Server-Side Load Balancing,Service Discovery & Client vs Server-Side Load Balancing,yes (142),Service Discovery & Client vs Server-Side Load Balancing,SSR (template-derived from sampled lessons of the same route),unique (0.10 jaccard vs any sibling = chrome baseline),yes,4,"WebSite,Organization,SoftwareApplication,Person,BreadcrumbList,Article",improve
https://www.codesparring.dev/learn/system-design/scaling-compute/sd-l4-global-gslb,200 (template-derived),lesson-system-design,yes,self,"Global & DNS-Level Load Balancing (GSLB, Anycast)","Global & DNS-Level Load Balancing (GSLB, Anycast)",yes (155),"Global & DNS-Level Load Balancing (GSLB, Anycast)",SSR (template-derived from sampled lessons of the same route),unique text (0.10 jaccard = chrome baseline) but DUPLICATE INTENT with sd-l1-dns,yes,4,"WebSite,Organization,SoftwareApplication,Person,BreadcrumbList,Article",improve
https://www.codesparring.dev/learn/system-design/scaling-compute/sd-l4-api-gateway-bff,200 (template-derived),lesson-system-design,yes,self,API Gateway & Backend-for-Frontend,API Gateway & Backend-for-Frontend | CodeSparring,yes (129),API Gateway & Backend-for-Frontend,SSR (template-derived from sampled lessons of the same route),unique text (0.10 jaccard = chrome baseline) but DUPLICATE INTENT with sd-l1-reverse-proxy-gateway,yes,4,"WebSite,Organization,SoftwareApplication,Person,BreadcrumbList,Article",improve
https://www.codesparring.dev/learn/system-design/scaling-compute/sd-l4-tls-connection-mgmt,200 (template-derived),lesson-system-design,yes,self,TLS Termination & Connection Management,TLS Termination & Connection Management | CodeSparring,yes (141),TLS Termination & Connection Management,SSR (template-derived from sampled lessons of the same route),unique text (0.10 jaccard = chrome baseline) but DUPLICATE INTENT with sd-l1-tls-https,yes,4,"WebSite,Organization,SoftwareApplication,Person,BreadcrumbList,Article",improve
https://www.codesparring.dev/learn/system-design/scaling-compute/sd-l4-rate-limit-algorithms,200,lesson-system-design,yes,self,Rate Limiting Algorithms,Rate Limiting Algorithms | CodeSparring,yes (132),Rate Limiting Algorithms,SSR (verified: teach prose in initial HTML),unique text (0.10 jaccard = chrome baseline) but DUPLICATE INTENT with sd-l10-rate-limiter,yes,4,"WebSite,Organization,SoftwareApplication,Person,BreadcrumbList,Article",improve
https://www.codesparring.dev/learn/system-design/scaling-compute/sd-l4-distributed-rate-limiting,200 (template-derived),lesson-system-design,yes,self,Distributed Rate Limiting,Distributed Rate Limiting | CodeSparring,yes (155),Distributed Rate Limiting,SSR (template-derived from sampled lessons of the same route),unique text (0.10 jaccard = chrome baseline) but DUPLICATE INTENT with sd-l10-rate-limiter,yes,4,"WebSite,Organization,SoftwareApplication,Person,BreadcrumbList,Article",improve
https://www.codesparring.dev/learn/system-design/scaling-compute/sd-l4-load-shedding-backpressure,200,lesson-system-design,yes,self,Congestion Collapse & Adaptive Concurrency,Congestion Collapse & Adaptive Concurrency | CodeSparring,yes (153),Congestion Collapse & Adaptive Concurrency,SSR (verified: teach prose in initial HTML),unique text (0.10 jaccard = chrome baseline) but DUPLICATE INTENT with sd-l1-backpressure-shedding / sd-l7-load-shedding-degradation,yes,4,"WebSite,Organization,SoftwareApplication,Person,BreadcrumbList,Article",improve
https://www.codesparring.dev/learn/system-design/scaling-compute/sd-l4-autoscaling,200,lesson-system-design,yes,self,"Autoscaling: Reactive, Event-Driven & Predictive","Autoscaling: Reactive, Event-Driven & Predictive",yes (151),"Autoscaling: Reactive, Event-Driven & Predictive",SSR (verified: teach prose in initial HTML),unique text (0.10 jaccard = chrome baseline) but DUPLICATE INTENT with sd-l9-k8s-autoscaling,yes,4,"WebSite,Organization,SoftwareApplication,Person,BreadcrumbList,Article",improve
https://www.codesparring.dev/learn/system-design/scaling-compute/sd-l4-capacity-planning,200 (template-derived),lesson-system-design,yes,self,Capacity Planning & Back-of-Envelope Sizing,Capacity Planning & Back-of-Envelope Sizing | CodeSparring,yes (140),Capacity Planning & Back-of-Envelope Sizing,SSR (template-derived from sampled lessons of the same route),unique (0.10 jaccard vs any sibling = chrome baseline),yes,4,"WebSite,Organization,SoftwareApplication,Person,BreadcrumbList,Article",improve
https://www.codesparring.dev/learn/system-design/scaling-compute/sd-l4-cell-shuffle-sharding,200 (template-derived),lesson-system-design,yes,self,Cell-Based Architecture & Shuffle Sharding,Cell-Based Architecture & Shuffle Sharding | CodeSparring,yes (128),Cell-Based Architecture & Shuffle Sharding,SSR (template-derived from sampled lessons of the same route),unique text (0.10 jaccard = chrome baseline) but DUPLICATE INTENT with sd-l7-blast-radius-cells,yes,3,"WebSite,Organization,SoftwareApplication,Person,BreadcrumbList,Article",improve
https://www.codesparring.dev/learn/system-design/distributed-core/sd-l5-partial-failure,200 (template-derived),lesson-system-design,yes,self,Partial Failure & the Fallacies of Distributed Computing,Partial Failure & the Fallacies of Distributed Computing,yes (126),Partial Failure & the Fallacies of Distributed Computing,SSR (template-derived from sampled lessons of the same route),unique (0.10 jaccard vs any sibling = chrome baseline),yes,3,"WebSite,Organization,SoftwareApplication,Person,BreadcrumbList,Article",keep
https://www.codesparring.dev/learn/system-design/distributed-core/sd-l5-cap-correct,200 (template-derived),lesson-system-design,yes,self,CAP Theorem (Correct Framing),CAP Theorem (Correct Framing) | CodeSparring,yes (128),CAP Theorem (Correct Framing),SSR (template-derived from sampled lessons of the same route),unique (0.10 jaccard vs any sibling = chrome baseline),yes,4,"WebSite,Organization,SoftwareApplication,Person,BreadcrumbList,Article",keep
https://www.codesparring.dev/learn/system-design/distributed-core/sd-l5-pacelc,200 (template-derived),lesson-system-design,yes,self,PACELC & the Steady-State Tradeoff,PACELC & the Steady-State Tradeoff | CodeSparring,yes (137),PACELC & the Steady-State Tradeoff,SSR (template-derived from sampled lessons of the same route),unique (0.10 jaccard vs any sibling = chrome baseline),yes,4,"WebSite,Organization,SoftwareApplication,Person,BreadcrumbList,Article",keep
https://www.codesparring.dev/learn/system-design/distributed-core/sd-l5-consistency-spectrum,200 (template-derived),lesson-system-design,yes,self,Consistency Models Spectrum,Consistency Models Spectrum | CodeSparring,yes (137),Consistency Models Spectrum,SSR (template-derived from sampled lessons of the same route),unique (0.10 jaccard vs any sibling = chrome baseline),yes,4,"WebSite,Organization,SoftwareApplication,Person,BreadcrumbList,Article",keep
https://www.codesparring.dev/learn/system-design/distributed-core/sd-l5-session-guarantees,200 (template-derived),lesson-system-design,yes,self,Client-Centric Session Guarantees,Client-Centric Session Guarantees | CodeSparring,yes (123),Client-Centric Session Guarantees,SSR (template-derived from sampled lessons of the same route),unique (0.10 jaccard vs any sibling = chrome baseline),yes,4,"WebSite,Organization,SoftwareApplication,Person,BreadcrumbList,Article",keep
https://www.codesparring.dev/learn/system-design/distributed-core/sd-l5-logical-clocks,200,lesson-system-design,yes,self,Logical Time: Lamport & Vector Clocks,Logical Time: Lamport & Vector Clocks | CodeSparring,yes (142),Logical Time: Lamport & Vector Clocks,SSR (verified: teach prose in initial HTML),unique (0.10 jaccard vs any sibling = chrome baseline),yes,4,"WebSite,Organization,SoftwareApplication,Person,BreadcrumbList,Article",improve
https://www.codesparring.dev/learn/system-design/distributed-core/sd-l5-physical-time-hlc,200 (template-derived),lesson-system-design,yes,self,"Physical Time, Clock Uncertainty, HLC & TrueTime","Physical Time, Clock Uncertainty, HLC & TrueTime",yes (122),"Physical Time, Clock Uncertainty, HLC & TrueTime",SSR (template-derived from sampled lessons of the same route),unique (0.10 jaccard vs any sibling = chrome baseline),yes,4,"WebSite,Organization,SoftwareApplication,Person,BreadcrumbList,Article",keep
https://www.codesparring.dev/learn/system-design/distributed-core/sd-l5-smr-total-order,200 (template-derived),lesson-system-design,yes,self,State-Machine Replication & Total-Order Broadcast,State-Machine Replication & Total-Order Broadcast,yes (139),State-Machine Replication & Total-Order Broadcast,SSR (template-derived from sampled lessons of the same route),unique (0.10 jaccard vs any sibling = chrome baseline),yes,4,"WebSite,Organization,SoftwareApplication,Person,BreadcrumbList,Article",keep
https://www.codesparring.dev/learn/system-design/distributed-core/sd-l5-raft-paxos,200 (template-derived),lesson-system-design,yes,self,Consensus in Depth: Raft (and the Paxos Family),Consensus in Depth: Raft (and the Paxos Family),yes (144),Consensus in Depth: Raft (and the Paxos Family),SSR (template-derived from sampled lessons of the same route),unique (0.10 jaccard vs any sibling = chrome baseline),yes,4,"WebSite,Organization,SoftwareApplication,Person,BreadcrumbList,Article",keep
https://www.codesparring.dev/learn/system-design/distributed-core/sd-l5-quorums-tunable,200 (template-derived),lesson-system-design,yes,self,Quorums & Dynamo-Style Tunable Consistency,Quorums & Dynamo-Style Tunable Consistency | CodeSparring,yes (124),Quorums & Dynamo-Style Tunable Consistency,SSR (template-derived from sampled lessons of the same route),unique (0.10 jaccard vs any sibling = chrome baseline),yes,4,"WebSite,Organization,SoftwareApplication,Person,BreadcrumbList,Article",keep
https://www.codesparring.dev/learn/system-design/distributed-core/sd-l5-2pc-3pc,200,lesson-system-design,yes,self,Distributed Transactions: 2PC / 3PC & Their Limits,Distributed Transactions: 2PC / 3PC & Their Limits,yes (138),Distributed Transactions: 2PC / 3PC & Their Limits,SSR (verified: teach prose in initial HTML),unique (0.10 jaccard vs any sibling = chrome baseline),yes,4,"WebSite,Organization,SoftwareApplication,Person,BreadcrumbList,Article",improve
https://www.codesparring.dev/learn/system-design/distributed-core/sd-l5-sagas,200 (template-derived),lesson-system-design,yes,self,Sagas: Orchestration vs Choreography & Compensation,Sagas: Orchestration vs Choreography & Compensation,yes (137),Sagas: Orchestration vs Choreography & Compensation,SSR (template-derived from sampled lessons of the same route),unique (0.10 jaccard vs any sibling = chrome baseline),yes,4,"WebSite,Organization,SoftwareApplication,Person,BreadcrumbList,Article",keep
https://www.codesparring.dev/learn/system-design/distributed-core/sd-l5-outbox-messaging,200 (template-derived),lesson-system-design,yes,self,"Transactional Messaging: Outbox, Inbox & CDC","Transactional Messaging: Outbox, Inbox & CDC | CodeSparring",yes (126),"Transactional Messaging: Outbox, Inbox & CDC",SSR (template-derived from sampled lessons of the same route),unique (0.10 jaccard vs any sibling = chrome baseline),yes,4,"WebSite,Organization,SoftwareApplication,Person,BreadcrumbList,Article",keep
https://www.codesparring.dev/learn/system-design/distributed-core/sd-l5-delivery-idempotency,200 (template-derived),lesson-system-design,yes,self,"Delivery Semantics, Idempotency & Exactly-Once Reality","Delivery Semantics, Idempotency & Exactly-Once Reality",yes (128),"Delivery Semantics, Idempotency & Exactly-Once Reality",SSR (template-derived from sampled lessons of the same route),unique (0.10 jaccard vs any sibling = chrome baseline),yes,4,"WebSite,Organization,SoftwareApplication,Person,BreadcrumbList,Article",keep
https://www.codesparring.dev/learn/system-design/distributed-core/sd-l5-crdts,200 (template-derived),lesson-system-design,yes,self,"CRDTs, Strong Eventual Consistency & Anti-Entropy","CRDTs, Strong Eventual Consistency & Anti-Entropy",yes (126),"CRDTs, Strong Eventual Consistency & Anti-Entropy",SSR (template-derived from sampled lessons of the same route),unique (0.10 jaccard vs any sibling = chrome baseline),yes,4,"WebSite,Organization,SoftwareApplication,Person,BreadcrumbList,Article",keep
https://www.codesparring.dev/learn/system-design/distributed-core/sd-l5-failure-detection,200 (template-derived),lesson-system-design,yes,self,"Failure Detection: Heartbeats, Phi-Accrual & SWIM","Failure Detection: Heartbeats, Phi-Accrual & SWIM",yes (129),"Failure Detection: Heartbeats, Phi-Accrual & SWIM",SSR (template-derived from sampled lessons of the same route),unique (0.10 jaccard vs any sibling = chrome baseline),yes,4,"WebSite,Organization,SoftwareApplication,Person,BreadcrumbList,Article",keep
https://www.codesparring.dev/learn/system-design/distributed-core/sd-l5-leader-election-fencing,200,lesson-system-design,yes,self,"Leader Election, Leases, Fencing & Split-Brain","Leader Election, Leases, Fencing & Split-Brain",yes (134),"Leader Election, Leases, Fencing & Split-Brain",SSR (verified: teach prose in initial HTML),unique (0.10 jaccard vs any sibling = chrome baseline),yes,4,"WebSite,Organization,SoftwareApplication,Person,BreadcrumbList,Article",improve
https://www.codesparring.dev/learn/system-design/distributed-core/sd-l5-byzantine-fault-tolerance,200 (template-derived),lesson-system-design,yes,self,Byzantine Fault Tolerance & BFT Consensus,Byzantine Fault Tolerance & BFT Consensus | CodeSparring,yes (128),Byzantine Fault Tolerance & BFT Consensus,SSR (template-derived from sampled lessons of the same route),unique (0.10 jaccard vs any sibling = chrome baseline),yes,3,"WebSite,Organization,SoftwareApplication,Person,BreadcrumbList,Article",keep
https://www.codesparring.dev/learn/system-design/event-driven/sd-l6-sync-vs-async,200 (template-derived),lesson-system-design,yes,self,Sync vs Async & When to Go Event-Driven,Sync vs Async & When to Go Event-Driven | CodeSparring,yes (126),Sync vs Async & When to Go Event-Driven,SSR (template-derived from sampled lessons of the same route),unique (0.10 jaccard vs any sibling = chrome baseline),yes,3,"WebSite,Organization,SoftwareApplication,Person,BreadcrumbList,Article",keep
https://www.codesparring.dev/learn/system-design/event-driven/sd-l6-queue-pubsub-log,200 (template-derived),lesson-system-design,yes,self,Queue vs Pub/Sub vs Log/Streaming,Queue vs Pub/Sub vs Log/Streaming | CodeSparring,yes (112),Queue vs Pub/Sub vs Log/Streaming,SSR (template-derived from sampled lessons of the same route),unique (0.10 jaccard vs any sibling = chrome baseline),yes,4,"WebSite,Organization,SoftwareApplication,Person,BreadcrumbList,Article",keep
https://www.codesparring.dev/learn/system-design/event-driven/sd-l6-broker-selection,200 (template-derived),lesson-system-design,yes,self,Broker Technology Selection,Broker Technology Selection | CodeSparring,yes (125),Broker Technology Selection,SSR (template-derived from sampled lessons of the same route),unique (0.10 jaccard vs any sibling = chrome baseline),yes,4,"WebSite,Organization,SoftwareApplication,Person,BreadcrumbList,Article",keep
https://www.codesparring.dev/learn/system-design/event-driven/sd-l6-kafka-internals,200 (template-derived),lesson-system-design,yes,self,Kafka Architecture Internals,Kafka Architecture Internals | CodeSparring,yes (111),Kafka Architecture Internals,SSR (template-derived from sampled lessons of the same route),unique (0.10 jaccard vs any sibling = chrome baseline),yes,4,"WebSite,Organization,SoftwareApplication,Person,BreadcrumbList,Article",keep
https://www.codesparring.dev/learn/system-design/event-driven/sd-l6-partitioning-ordering,200 (template-derived),lesson-system-design,yes,self,"Partitioning, Ordering & Keys","Partitioning, Ordering & Keys | CodeSparring",yes (127),"Partitioning, Ordering & Keys",SSR (template-derived from sampled lessons of the same route),unique (0.10 jaccard vs any sibling = chrome baseline),yes,4,"WebSite,Organization,SoftwareApplication,Person,BreadcrumbList,Article",keep
https://www.codesparring.dev/learn/system-design/event-driven/sd-l6-consumer-groups,200 (template-derived),lesson-system-design,yes,self,"Consumer Groups, Rebalancing & Scaling","Consumer Groups, Rebalancing & Scaling | CodeSparring",yes (113),"Consumer Groups, Rebalancing & Scaling",SSR (template-derived from sampled lessons of the same route),unique (0.10 jaccard vs any sibling = chrome baseline),yes,4,"WebSite,Organization,SoftwareApplication,Person,BreadcrumbList,Article",keep
https://www.codesparring.dev/learn/system-design/event-driven/sd-l6-compaction-retention,200 (template-derived),lesson-system-design,yes,self,"Log Compaction, Retention & Tiered Storage","Log Compaction, Retention & Tiered Storage | CodeSparring",yes (134),"Log Compaction, Retention & Tiered Storage",SSR (template-derived from sampled lessons of the same route),unique (0.10 jaccard vs any sibling = chrome baseline),yes,4,"WebSite,Organization,SoftwareApplication,Person,BreadcrumbList,Article",keep
https://www.codesparring.dev/learn/system-design/event-driven/sd-l6-delivery-semantics,200 (template-derived),lesson-system-design,yes,self,Delivery Semantics: At-Most / At-Least / Exactly-Once,Delivery Semantics: At-Most / At-Least / Exactly-Once,yes (124),Delivery Semantics: At-Most / At-Least / Exactly-Once,SSR (template-derived from sampled lessons of the same route),unique (0.10 jaccard vs any sibling = chrome baseline),yes,4,"WebSite,Organization,SoftwareApplication,Person,BreadcrumbList,Article",keep
https://www.codesparring.dev/learn/system-design/event-driven/sd-l6-idempotency-dedup,200 (template-derived),lesson-system-design,yes,self,Idempotency & Deduplication,Idempotency & Deduplication | CodeSparring,yes (131),Idempotency & Deduplication,SSR (template-derived from sampled lessons of the same route),unique (0.10 jaccard vs any sibling = chrome baseline),yes,4,"WebSite,Organization,SoftwareApplication,Person,BreadcrumbList,Article",keep
https://www.codesparring.dev/learn/system-design/event-driven/sd-l6-retries-dlq-backpressure,200 (template-derived),lesson-system-design,yes,self,"Retries, Dead-Letter Queues & Backpressure","Retries, Dead-Letter Queues & Backpressure | CodeSparring",yes (119),"Retries, Dead-Letter Queues & Backpressure",SSR (template-derived from sampled lessons of the same route),unique (0.10 jaccard vs any sibling = chrome baseline),yes,4,"WebSite,Organization,SoftwareApplication,Person,BreadcrumbList,Article",keep
https://www.codesparring.dev/learn/system-design/event-driven/sd-l6-stream-processing,200 (template-derived),lesson-system-design,yes,self,"Stream Processing: Windowing, Watermarks & State","Stream Processing: Windowing, Watermarks & State",yes (126),"Stream Processing: Windowing, Watermarks & State",SSR (template-derived from sampled lessons of the same route),unique (0.10 jaccard vs any sibling = chrome baseline),yes,4,"WebSite,Organization,SoftwareApplication,Person,BreadcrumbList,Article",keep
https://www.codesparring.dev/learn/system-design/event-driven/sd-l6-event-sourcing,200 (template-derived),lesson-system-design,yes,self,Event Sourcing,Event Sourcing · Learn System Design | CodeSparring,yes (119),Event Sourcing,SSR (template-derived from sampled lessons of the same route),unique (0.10 jaccard vs any sibling = chrome baseline),yes,4,"WebSite,Organization,SoftwareApplication,Person,BreadcrumbList,Article",keep
https://www.codesparring.dev/learn/system-design/event-driven/sd-l6-cqrs,200 (template-derived),lesson-system-design,yes,self,CQRS & Read Models,CQRS & Read Models · Learn System Design | CodeSparring,yes (117),CQRS & Read Models,SSR (template-derived from sampled lessons of the same route),unique (0.10 jaccard vs any sibling = chrome baseline),yes,4,"WebSite,Organization,SoftwareApplication,Person,BreadcrumbList,Article",keep
https://www.codesparring.dev/learn/system-design/event-driven/sd-l6-schema-evolution,200 (template-derived),lesson-system-design,yes,self,Schema Management & Evolution,Schema Management & Evolution | CodeSparring,yes (127),Schema Management & Evolution,SSR (template-derived from sampled lessons of the same route),unique (0.10 jaccard vs any sibling = chrome baseline),yes,4,"WebSite,Organization,SoftwareApplication,Person,BreadcrumbList,Article",keep
https://www.codesparring.dev/learn/system-design/event-driven/sd-l6-streaming-observability,200 (template-derived),lesson-system-design,yes,self,"Streaming Durability, HA & Observability","Streaming Durability, HA & Observability | CodeSparring",yes (130),"Streaming Durability, HA & Observability",SSR (template-derived from sampled lessons of the same route),unique (0.10 jaccard vs any sibling = chrome baseline),yes,3,"WebSite,Organization,SoftwareApplication,Person,BreadcrumbList,Article",keep
https://www.codesparring.dev/learn/system-design/reliability-ops/sd-l7-availability-nines,200 (template-derived),lesson-system-design,yes,self,Availability Math & the Nines,Availability Math & the Nines | CodeSparring,yes (136),Availability Math & the Nines,SSR (template-derived from sampled lessons of the same route),unique (0.10 jaccard vs any sibling = chrome baseline),yes,3,"WebSite,Organization,SoftwareApplication,Person,BreadcrumbList,Article",improve
https://www.codesparring.dev/learn/system-design/reliability-ops/sd-l7-sli-slo-sla,200,lesson-system-design,yes,self,SLI / SLO / SLA Hierarchy,SLI / SLO / SLA Hierarchy | CodeSparring,yes (147),SLI / SLO / SLA Hierarchy,SSR (verified: teach prose in initial HTML),unique (0.10 jaccard vs any sibling = chrome baseline),yes,4,"WebSite,Organization,SoftwareApplication,Person,BreadcrumbList,Article",improve
https://www.codesparring.dev/learn/system-design/reliability-ops/sd-l7-error-budgets,200 (template-derived),lesson-system-design,yes,self,Error Budgets & Policy,Error Budgets & Policy · Learn System Design | CodeSparring,yes (150),Error Budgets & Policy,SSR (template-derived from sampled lessons of the same route),unique (0.10 jaccard vs any sibling = chrome baseline),yes,4,"WebSite,Organization,SoftwareApplication,Person,BreadcrumbList,Article",keep
https://www.codesparring.dev/learn/system-design/reliability-ops/sd-l7-burn-rate-alerting,200 (template-derived),lesson-system-design,yes,self,"Burn-Rate Alerting (Multi-Window, Multi-Burn-Rate)","Burn-Rate Alerting (Multi-Window, Multi-Burn-Rate)",yes (146),"Burn-Rate Alerting (Multi-Window, Multi-Burn-Rate)",SSR (template-derived from sampled lessons of the same route),unique (0.10 jaccard vs any sibling = chrome baseline),yes,4,"WebSite,Organization,SoftwareApplication,Person,BreadcrumbList,Article",keep
https://www.codesparring.dev/learn/system-design/reliability-ops/sd-l7-golden-signals,200 (template-derived),lesson-system-design,yes,self,The Four Golden Signals & RED/USE,The Four Golden Signals & RED/USE | CodeSparring,yes (144),The Four Golden Signals & RED/USE,SSR (template-derived from sampled lessons of the same route),unique (0.10 jaccard vs any sibling = chrome baseline),yes,4,"WebSite,Organization,SoftwareApplication,Person,BreadcrumbList,Article",improve
https://www.codesparring.dev/learn/system-design/reliability-ops/sd-l7-three-pillars-otel,200 (template-derived),lesson-system-design,yes,self,Three Pillars & OpenTelemetry,Three Pillars & OpenTelemetry | CodeSparring,yes (140),Three Pillars & OpenTelemetry,SSR (template-derived from sampled lessons of the same route),unique (0.10 jaccard vs any sibling = chrome baseline),yes,4,"WebSite,Organization,SoftwareApplication,Person,BreadcrumbList,Article",keep
https://www.codesparring.dev/learn/system-design/reliability-ops/sd-l7-timeouts-retries,200 (template-derived),lesson-system-design,yes,self,"Timeouts, Retries, Backoff & Jitter","Timeouts, Retries, Backoff & Jitter | CodeSparring",yes (146),"Timeouts, Retries, Backoff & Jitter",SSR (template-derived from sampled lessons of the same route),unique (0.10 jaccard vs any sibling = chrome baseline),yes,4,"WebSite,Organization,SoftwareApplication,Person,BreadcrumbList,Article",keep
https://www.codesparring.dev/learn/system-design/reliability-ops/sd-l7-circuit-breakers,200 (template-derived),lesson-system-design,yes,self,"Circuit Breakers, Bulkheads & Fallbacks","Circuit Breakers, Bulkheads & Fallbacks | CodeSparring",yes (142),"Circuit Breakers, Bulkheads & Fallbacks",SSR (template-derived from sampled lessons of the same route),unique (0.10 jaccard vs any sibling = chrome baseline),yes,4,"WebSite,Organization,SoftwareApplication,Person,BreadcrumbList,Article",keep
https://www.codesparring.dev/learn/system-design/reliability-ops/sd-l7-load-shedding-degradation,200 (template-derived),lesson-system-design,yes,self,Load Shedding & Graceful Degradation,Load Shedding & Graceful Degradation | CodeSparring,yes (144),Load Shedding & Graceful Degradation,SSR (template-derived from sampled lessons of the same route),unique text (0.10 jaccard = chrome baseline) but DUPLICATE INTENT with sd-l1-backpressure-shedding,yes,4,"WebSite,Organization,SoftwareApplication,Person,BreadcrumbList,Article",improve
https://www.codesparring.dev/learn/system-design/reliability-ops/sd-l7-redundancy-failover,200 (template-derived),lesson-system-design,yes,self,"Redundancy, Failover & Health Checking","Redundancy, Failover & Health Checking | CodeSparring",yes (140),"Redundancy, Failover & Health Checking",SSR (template-derived from sampled lessons of the same route),unique text (0.10 jaccard = chrome baseline) but DUPLICATE INTENT with sd-l1-load-balancing,yes,4,"WebSite,Organization,SoftwareApplication,Person,BreadcrumbList,Article",improve
https://www.codesparring.dev/learn/system-design/reliability-ops/sd-l7-dr-rto-rpo,200 (template-derived),lesson-system-design,yes,self,Disaster Recovery: RTO/RPO & Strategies,Disaster Recovery: RTO/RPO & Strategies | CodeSparring,yes (145),Disaster Recovery: RTO/RPO & Strategies,SSR (template-derived from sampled lessons of the same route),unique (0.10 jaccard vs any sibling = chrome baseline),yes,4,"WebSite,Organization,SoftwareApplication,Person,BreadcrumbList,Article",keep
https://www.codesparring.dev/learn/system-design/reliability-ops/sd-l7-multi-region,200,lesson-system-design,yes,self,Multi-Region & Multi-AZ Architecture,Multi-Region & Multi-AZ Architecture | CodeSparring,yes (147),Multi-Region & Multi-AZ Architecture,SSR (verified: teach prose in initial HTML),unique (0.10 jaccard vs any sibling = chrome baseline),yes,4,"WebSite,Organization,SoftwareApplication,Person,BreadcrumbList,Article",improve
https://www.codesparring.dev/learn/system-design/reliability-ops/sd-l7-blast-radius-cells,200 (template-derived),lesson-system-design,yes,self,Blast Radius Reduction: Cells & Static Stability,Blast Radius Reduction: Cells & Static Stability,yes (148),Blast Radius Reduction: Cells & Static Stability,SSR (template-derived from sampled lessons of the same route),unique (0.10 jaccard vs any sibling = chrome baseline),yes,4,"WebSite,Organization,SoftwareApplication,Person,BreadcrumbList,Article",keep
https://www.codesparring.dev/learn/system-design/reliability-ops/sd-l7-deployment-strategies,200 (template-derived),lesson-system-design,yes,self,"Deployment Strategies: Blue-Green, Canary, Rolling","Deployment Strategies: Blue-Green, Canary, Rolling",yes (142),"Deployment Strategies: Blue-Green, Canary, Rolling",SSR (template-derived from sampled lessons of the same route),unique (0.10 jaccard vs any sibling = chrome baseline),yes,4,"WebSite,Organization,SoftwareApplication,Person,BreadcrumbList,Article",improve
https://www.codesparring.dev/learn/system-design/reliability-ops/sd-l7-progressive-delivery-schema,200 (template-derived),lesson-system-design,yes,self,"Feature Flags, Progressive Delivery & Schema Migrations","Feature Flags, Progressive Delivery & Schema Migrations",yes (144),"Feature Flags, Progressive Delivery & Schema Migrations",SSR (template-derived from sampled lessons of the same route),unique (0.10 jaccard vs any sibling = chrome baseline),yes,4,"WebSite,Organization,SoftwareApplication,Person,BreadcrumbList,Article",keep
https://www.codesparring.dev/learn/system-design/reliability-ops/sd-l7-chaos-engineering,200 (template-derived),lesson-system-design,yes,self,Chaos Engineering & Fault Injection,Chaos Engineering & Fault Injection | CodeSparring,yes (148),Chaos Engineering & Fault Injection,SSR (template-derived from sampled lessons of the same route),unique (0.10 jaccard vs any sibling = chrome baseline),yes,4,"WebSite,Organization,SoftwareApplication,Person,BreadcrumbList,Article",improve
https://www.codesparring.dev/learn/system-design/reliability-ops/sd-l7-incident-postmortem,200 (template-derived),lesson-system-design,yes,self,Incident Management & Blameless Postmortems,Incident Management & Blameless Postmortems | CodeSparring,yes (152),Incident Management & Blameless Postmortems,SSR (template-derived from sampled lessons of the same route),unique (0.10 jaccard vs any sibling = chrome baseline),yes,3,"WebSite,Organization,SoftwareApplication,Person,BreadcrumbList,Article",keep
https://www.codesparring.dev/learn/system-design/security-privacy/sd-l8-auth-credentials,200 (template-derived),lesson-system-design,yes,self,Authentication Fundamentals & Credential Handling,Authentication Fundamentals & Credential Handling,yes (145),Authentication Fundamentals & Credential Handling,SSR (template-derived from sampled lessons of the same route),unique (0.10 jaccard vs any sibling = chrome baseline),yes,3,"WebSite,Organization,SoftwareApplication,Person,BreadcrumbList,Article",keep
https://www.codesparring.dev/learn/system-design/security-privacy/sd-l8-passkeys-webauthn,200 (template-derived),lesson-system-design,yes,self,"Passwordless, Passkeys & WebAuthn/FIDO2","Passwordless, Passkeys & WebAuthn/FIDO2 | CodeSparring",yes (146),"Passwordless, Passkeys & WebAuthn/FIDO2",SSR (template-derived from sampled lessons of the same route),unique (0.10 jaccard vs any sibling = chrome baseline),yes,4,"WebSite,Organization,SoftwareApplication,Person,BreadcrumbList,Article",keep
https://www.codesparring.dev/learn/system-design/security-privacy/sd-l8-oauth-oidc,200 (template-derived),lesson-system-design,yes,self,OAuth 2.1 & OpenID Connect,OAuth 2.1 & OpenID Connect | CodeSparring,yes (149),OAuth 2.1 & OpenID Connect,SSR (template-derived from sampled lessons of the same route),unique (0.10 jaccard vs any sibling = chrome baseline),yes,4,"WebSite,Organization,SoftwareApplication,Person,BreadcrumbList,Article",keep
https://www.codesparring.dev/learn/system-design/security-privacy/sd-l8-sessions-tokens,200 (template-derived),lesson-system-design,yes,self,"Sessions, Tokens & Token Lifecycle","Sessions, Tokens & Token Lifecycle | CodeSparring",yes (142),"Sessions, Tokens & Token Lifecycle",SSR (template-derived from sampled lessons of the same route),unique (0.10 jaccard vs any sibling = chrome baseline),yes,4,"WebSite,Organization,SoftwareApplication,Person,BreadcrumbList,Article",keep
https://www.codesparring.dev/learn/system-design/security-privacy/sd-l8-authz-rbac-rebac,200 (template-derived),lesson-system-design,yes,self,"Authorization Models: RBAC, ABAC & ReBAC","Authorization Models: RBAC, ABAC & ReBAC | CodeSparring",yes (148),"Authorization Models: RBAC, ABAC & ReBAC",SSR (template-derived from sampled lessons of the same route),unique (0.10 jaccard vs any sibling = chrome baseline),yes,4,"WebSite,Organization,SoftwareApplication,Person,BreadcrumbList,Article",keep
https://www.codesparring.dev/learn/system-design/security-privacy/sd-l8-multi-tenancy,200 (template-derived),lesson-system-design,yes,self,Multi-Tenancy Isolation Models,Multi-Tenancy Isolation Models | CodeSparring,yes (148),Multi-Tenancy Isolation Models,SSR (template-derived from sampled lessons of the same route),unique (0.10 jaccard vs any sibling = chrome baseline),yes,4,"WebSite,Organization,SoftwareApplication,Person,BreadcrumbList,Article",keep
https://www.codesparring.dev/learn/system-design/security-privacy/sd-l8-encryption-transit-mtls,200 (template-derived),lesson-system-design,yes,self,Encryption in Transit & mTLS,Encryption in Transit & mTLS | CodeSparring,yes (151),Encryption in Transit & mTLS,SSR (template-derived from sampled lessons of the same route),unique (0.10 jaccard vs any sibling = chrome baseline),yes,4,"WebSite,Organization,SoftwareApplication,Person,BreadcrumbList,Article",keep
https://www.codesparring.dev/learn/system-design/security-privacy/sd-l8-encryption-rest-field,200 (template-derived),lesson-system-design,yes,self,"Encryption at Rest, Field-Level & E2E","Encryption at Rest, Field-Level & E2E | CodeSparring",yes (143),"Encryption at Rest, Field-Level & E2E",SSR (template-derived from sampled lessons of the same route),unique (0.10 jaccard vs any sibling = chrome baseline),yes,4,"WebSite,Organization,SoftwareApplication,Person,BreadcrumbList,Article",keep
https://www.codesparring.dev/learn/system-design/security-privacy/sd-l8-secrets-kms,200 (template-derived),lesson-system-design,yes,self,"Secrets & Key Management (KMS/HSM, Rotation)","Secrets & Key Management (KMS/HSM, Rotation) | CodeSparring",yes (151),"Secrets & Key Management (KMS/HSM, Rotation)",SSR (template-derived from sampled lessons of the same route),unique (0.10 jaccard vs any sibling = chrome baseline),yes,4,"WebSite,Organization,SoftwareApplication,Person,BreadcrumbList,Article",keep
https://www.codesparring.dev/learn/system-design/security-privacy/sd-l8-ddos-rate-abuse,200 (template-derived),lesson-system-design,yes,self,"Rate Limiting, Quotas & DDoS Defense","Rate Limiting, Quotas & DDoS Defense | CodeSparring",yes (153),"Rate Limiting, Quotas & DDoS Defense",SSR (template-derived from sampled lessons of the same route),unique (0.10 jaccard vs any sibling = chrome baseline),yes,4,"WebSite,Organization,SoftwareApplication,Person,BreadcrumbList,Article",keep
https://www.codesparring.dev/learn/system-design/security-privacy/sd-l8-bot-fraud-ato,200 (template-derived),lesson-system-design,yes,self,"Bot Defense, Fraud & Account-Takeover Prevention","Bot Defense, Fraud & Account-Takeover Prevention",yes (146),"Bot Defense, Fraud & Account-Takeover Prevention",SSR (template-derived from sampled lessons of the same route),unique (0.10 jaccard vs any sibling = chrome baseline),yes,4,"WebSite,Organization,SoftwareApplication,Person,BreadcrumbList,Article",keep
https://www.codesparring.dev/learn/system-design/security-privacy/sd-l8-threat-modeling-zerotrust,200 (template-derived),lesson-system-design,yes,self,Threat Modeling & Zero-Trust Architecture,Threat Modeling & Zero-Trust Architecture | CodeSparring,yes (141),Threat Modeling & Zero-Trust Architecture,SSR (template-derived from sampled lessons of the same route),unique (0.10 jaccard vs any sibling = chrome baseline),yes,4,"WebSite,Organization,SoftwareApplication,Person,BreadcrumbList,Article",keep
https://www.codesparring.dev/learn/system-design/security-privacy/sd-l8-compliance-frameworks,200 (template-derived),lesson-system-design,yes,self,Compliance Frameworks & Regulatory Design,Compliance Frameworks & Regulatory Design | CodeSparring,yes (143),Compliance Frameworks & Regulatory Design,SSR (template-derived from sampled lessons of the same route),unique (0.10 jaccard vs any sibling = chrome baseline),yes,4,"WebSite,Organization,SoftwareApplication,Person,BreadcrumbList,Article",keep
https://www.codesparring.dev/learn/system-design/security-privacy/sd-l8-pii-dsar-privacy,200 (template-derived),lesson-system-design,yes,self,"PII Governance, DSAR/Erasure & Privacy Engineering","PII Governance, DSAR/Erasure & Privacy Engineering",yes (136),"PII Governance, DSAR/Erasure & Privacy Engineering",SSR (template-derived from sampled lessons of the same route),unique (0.10 jaccard vs any sibling = chrome baseline),yes,4,"WebSite,Organization,SoftwareApplication,Person,BreadcrumbList,Article",keep
https://www.codesparring.dev/learn/system-design/security-privacy/sd-l8-audit-supplychain,200 (template-derived),lesson-system-design,yes,self,"Audit Logging, OWASP & Supply-Chain Security","Audit Logging, OWASP & Supply-Chain Security | CodeSparring",yes (140),"Audit Logging, OWASP & Supply-Chain Security",SSR (template-derived from sampled lessons of the same route),unique (0.10 jaccard vs any sibling = chrome baseline),yes,4,"WebSite,Organization,SoftwareApplication,Person,BreadcrumbList,Article",keep
https://www.codesparring.dev/learn/system-design/security-privacy/sd-l8-incident-breach-response,200 (template-derived),lesson-system-design,yes,self,"Security Incident & Breach Response, Key Compromise","Security Incident & Breach Response, Key Compromise",yes (134),"Security Incident & Breach Response, Key Compromise",SSR (template-derived from sampled lessons of the same route),unique (0.10 jaccard vs any sibling = chrome baseline),yes,3,"WebSite,Organization,SoftwareApplication,Person,BreadcrumbList,Article",keep
https://www.codesparring.dev/learn/system-design/modern-architecture/sd-l9-monolith-vs-microservices,200 (template-derived),lesson-system-design,yes,self,Monolith vs Modular Monolith vs Microservices,Monolith vs Modular Monolith vs Microservices | CodeSparring,yes (149),Monolith vs Modular Monolith vs Microservices,SSR (template-derived from sampled lessons of the same route),unique (0.10 jaccard vs any sibling = chrome baseline),yes,3,"WebSite,Organization,SoftwareApplication,Person,BreadcrumbList,Article",improve
https://www.codesparring.dev/learn/system-design/modern-architecture/sd-l9-decomposition-ddd,200 (template-derived),lesson-system-design,yes,self,Service Decomposition & Bounded Contexts (DDD),Service Decomposition & Bounded Contexts (DDD),yes (149),Service Decomposition & Bounded Contexts (DDD),SSR (template-derived from sampled lessons of the same route),unique (0.10 jaccard vs any sibling = chrome baseline),yes,4,"WebSite,Organization,SoftwareApplication,Person,BreadcrumbList,Article",keep
https://www.codesparring.dev/learn/system-design/modern-architecture/sd-l9-inter-service-comm,200 (template-derived),lesson-system-design,yes,self,Inter-Service Communication,Inter-Service Communication | CodeSparring,yes (154),Inter-Service Communication,SSR (template-derived from sampled lessons of the same route),unique (0.10 jaccard vs any sibling = chrome baseline),yes,4,"WebSite,Organization,SoftwareApplication,Person,BreadcrumbList,Article",keep
https://www.codesparring.dev/learn/system-design/modern-architecture/sd-l9-containers-k8s,200 (template-derived),lesson-system-design,yes,self,Containers & Kubernetes Fundamentals,Containers & Kubernetes Fundamentals | CodeSparring,yes (146),Containers & Kubernetes Fundamentals,SSR (template-derived from sampled lessons of the same route),unique (0.10 jaccard vs any sibling = chrome baseline),yes,4,"WebSite,Organization,SoftwareApplication,Person,BreadcrumbList,Article",keep
https://www.codesparring.dev/learn/system-design/modern-architecture/sd-l9-k8s-autoscaling,200 (template-derived),lesson-system-design,yes,self,Autoscaling & Elasticity,Autoscaling & Elasticity | CodeSparring,yes (152),Autoscaling & Elasticity,SSR (template-derived from sampled lessons of the same route),unique text (0.10 jaccard = chrome baseline) but DUPLICATE INTENT with sd-l4-autoscaling,yes,4,"WebSite,Organization,SoftwareApplication,Person,BreadcrumbList,Article",improve
https://www.codesparring.dev/learn/system-design/modern-architecture/sd-l9-service-mesh,200 (template-derived),lesson-system-design,yes,self,Service Mesh (Sidecar vs Sidecarless/Ambient/eBPF),Service Mesh (Sidecar vs Sidecarless/Ambient/eBPF),yes (149),Service Mesh (Sidecar vs Sidecarless/Ambient/eBPF),SSR (template-derived from sampled lessons of the same route),unique (0.10 jaccard vs any sibling = chrome baseline),yes,4,"WebSite,Organization,SoftwareApplication,Person,BreadcrumbList,Article",keep
https://www.codesparring.dev/learn/system-design/modern-architecture/sd-l9-cloud-native-12factor,200 (template-derived),lesson-system-design,yes,self,Cloud-Native & 12-Factor Principles,Cloud-Native & 12-Factor Principles | CodeSparring,yes (155),Cloud-Native & 12-Factor Principles,SSR (template-derived from sampled lessons of the same route),unique (0.10 jaccard vs any sibling = chrome baseline),yes,4,"WebSite,Organization,SoftwareApplication,Person,BreadcrumbList,Article",keep
https://www.codesparring.dev/learn/system-design/modern-architecture/sd-l9-serverless-faas,200 (template-derived),lesson-system-design,yes,self,Serverless / FaaS Architecture,Serverless / FaaS Architecture | CodeSparring,yes (145),Serverless / FaaS Architecture,SSR (template-derived from sampled lessons of the same route),unique (0.10 jaccard vs any sibling = chrome baseline),yes,4,"WebSite,Organization,SoftwareApplication,Person,BreadcrumbList,Article",keep
https://www.codesparring.dev/learn/system-design/modern-architecture/sd-l9-edge-wasm,200 (template-derived),lesson-system-design,yes,self,"Edge Computing, CDN Compute & WebAssembly","Edge Computing, CDN Compute & WebAssembly | CodeSparring",yes (152),"Edge Computing, CDN Compute & WebAssembly",SSR (template-derived from sampled lessons of the same route),unique (0.10 jaccard vs any sibling = chrome baseline),yes,4,"WebSite,Organization,SoftwareApplication,Person,BreadcrumbList,Article",keep
https://www.codesparring.dev/learn/system-design/modern-architecture/sd-l9-platform-gitops,200 (template-derived),lesson-system-design,yes,self,"Platform Engineering, IDPs & GitOps","Platform Engineering, IDPs & GitOps | CodeSparring",yes (152),"Platform Engineering, IDPs & GitOps",SSR (template-derived from sampled lessons of the same route),unique (0.10 jaccard vs any sibling = chrome baseline),yes,4,"WebSite,Organization,SoftwareApplication,Person,BreadcrumbList,Article",keep
https://www.codesparring.dev/learn/system-design/modern-architecture/sd-l9-iac-progressive-delivery,200 (template-derived),lesson-system-design,yes,self,"IaC, Environments & Progressive Delivery","IaC, Environments & Progressive Delivery | CodeSparring",yes (151),"IaC, Environments & Progressive Delivery",SSR (template-derived from sampled lessons of the same route),unique (0.10 jaccard vs any sibling = chrome baseline),yes,4,"WebSite,Organization,SoftwareApplication,Person,BreadcrumbList,Article",keep
https://www.codesparring.dev/learn/system-design/modern-architecture/sd-l9-cloud-finops,200 (template-derived),lesson-system-design,yes,self,Cloud Cost & FinOps,Cloud Cost & FinOps · Learn System Design | CodeSparring,yes (155),Cloud Cost & FinOps,SSR (template-derived from sampled lessons of the same route),unique (0.10 jaccard vs any sibling = chrome baseline),yes,4,"WebSite,Organization,SoftwareApplication,Person,BreadcrumbList,Article",keep
https://www.codesparring.dev/learn/system-design/modern-architecture/sd-l9-oltp-vs-olap,200 (template-derived),lesson-system-design,yes,self,OLTP vs OLAP Fundamentals,OLTP vs OLAP Fundamentals | CodeSparring,yes (151),OLTP vs OLAP Fundamentals,SSR (template-derived from sampled lessons of the same route),unique (0.10 jaccard vs any sibling = chrome baseline),yes,4,"WebSite,Organization,SoftwareApplication,Person,BreadcrumbList,Article",keep
https://www.codesparring.dev/learn/system-design/modern-architecture/sd-l9-warehouse-lake-lakehouse,200 (template-derived),lesson-system-design,yes,self,Warehouse vs Lake vs Lakehouse,Warehouse vs Lake vs Lakehouse | CodeSparring,yes (151),Warehouse vs Lake vs Lakehouse,SSR (template-derived from sampled lessons of the same route),unique (0.10 jaccard vs any sibling = chrome baseline),yes,4,"WebSite,Organization,SoftwareApplication,Person,BreadcrumbList,Article",keep
https://www.codesparring.dev/learn/system-design/modern-architecture/sd-l9-table-formats-cdc,200 (template-derived),lesson-system-design,yes,self,Open Table Formats & CDC,Open Table Formats & CDC | CodeSparring,yes (155),Open Table Formats & CDC,SSR (template-derived from sampled lessons of the same route),unique (0.10 jaccard vs any sibling = chrome baseline),yes,4,"WebSite,Organization,SoftwareApplication,Person,BreadcrumbList,Article",keep
https://www.codesparring.dev/learn/system-design/modern-architecture/sd-l9-batch-streaming,200 (template-derived),lesson-system-design,yes,self,Batch vs Streaming: Lambda vs Kappa,Batch vs Streaming: Lambda vs Kappa | CodeSparring,yes (155),Batch vs Streaming: Lambda vs Kappa,SSR (template-derived from sampled lessons of the same route),unique (0.10 jaccard vs any sibling = chrome baseline),yes,3,"WebSite,Organization,SoftwareApplication,Person,BreadcrumbList,Article",keep
https://www.codesparring.dev/learn/system-design/case-studies/sd-l10-url-shortener,200 (template-derived),lesson-system-design,yes,self,Design a URL Shortener (TinyURL),Design a URL Shortener (TinyURL) | CodeSparring,yes (120),Design a URL Shortener (TinyURL),SSR (template-derived from sampled lessons of the same route),unique (0.10 jaccard vs any sibling = chrome baseline),yes,4,"WebSite,Organization,SoftwareApplication,Person,BreadcrumbList,Article",keep
https://www.codesparring.dev/learn/system-design/case-studies/sd-l10-rate-limiter,200 (template-derived),lesson-system-design,yes,self,Design a Distributed Rate Limiter,Design a Distributed Rate Limiter | CodeSparring,yes (137),Design a Distributed Rate Limiter,SSR (template-derived from sampled lessons of the same route),unique (0.10 jaccard vs any sibling = chrome baseline),yes,5,"WebSite,Organization,SoftwareApplication,Person,BreadcrumbList,Article",keep
https://www.codesparring.dev/learn/system-design/case-studies/sd-l10-unique-id-generator,200 (template-derived),lesson-system-design,yes,self,Design a Distributed Unique ID Generator (Snowflake),Design a Distributed Unique ID Generator (Snowflake),yes (124),Design a Distributed Unique ID Generator (Snowflake),SSR (template-derived from sampled lessons of the same route),unique (0.10 jaccard vs any sibling = chrome baseline),yes,4,"WebSite,Organization,SoftwareApplication,Person,BreadcrumbList,Article",keep
https://www.codesparring.dev/learn/system-design/case-studies/sd-l10-typeahead,200 (template-derived),lesson-system-design,yes,self,Design Typeahead / Autocomplete,Design Typeahead / Autocomplete | CodeSparring,yes (135),Design Typeahead / Autocomplete,SSR (template-derived from sampled lessons of the same route),unique (0.10 jaccard vs any sibling = chrome baseline),yes,4,"WebSite,Organization,SoftwareApplication,Person,BreadcrumbList,Article",improve
https://www.codesparring.dev/learn/system-design/case-studies/sd-l10-news-feed,200 (template-derived),lesson-system-design,yes,self,Design a News Feed / Timeline (Twitter),Design a News Feed / Timeline (Twitter) | CodeSparring,yes (132),Design a News Feed / Timeline (Twitter),SSR (template-derived from sampled lessons of the same route),unique (0.10 jaccard vs any sibling = chrome baseline),yes,5,"WebSite,Organization,SoftwareApplication,Person,BreadcrumbList,Article",keep
https://www.codesparring.dev/learn/system-design/case-studies/sd-l10-instagram,200 (template-derived),lesson-system-design,yes,self,Design Instagram (Photo Sharing),Design Instagram (Photo Sharing) | CodeSparring,yes (140),Design Instagram (Photo Sharing),SSR (template-derived from sampled lessons of the same route),unique (0.10 jaccard vs any sibling = chrome baseline),yes,5,"WebSite,Organization,SoftwareApplication,Person,BreadcrumbList,Article",keep
https://www.codesparring.dev/learn/system-design/case-studies/sd-l10-chat-messaging,200,lesson-system-design,yes,self,Design a Chat / Messaging System (WhatsApp),Design a Chat / Messaging System (WhatsApp) | CodeSparring,yes (142),Design a Chat / Messaging System (WhatsApp),SSR (verified: teach prose in initial HTML),unique (0.10 jaccard vs any sibling = chrome baseline),yes,5,"WebSite,Organization,SoftwareApplication,Person,BreadcrumbList,Article",keep
https://www.codesparring.dev/learn/system-design/case-studies/sd-l10-notification-system,200 (template-derived),lesson-system-design,yes,self,Design a Notification / Push System,Design a Notification / Push System | CodeSparring,yes (132),Design a Notification / Push System,SSR (template-derived from sampled lessons of the same route),unique (0.10 jaccard vs any sibling = chrome baseline),yes,5,"WebSite,Organization,SoftwareApplication,Person,BreadcrumbList,Article",keep
https://www.codesparring.dev/learn/system-design/case-studies/sd-l10-ride-sharing,200 (template-derived),lesson-system-design,yes,self,Design a Ride-Sharing Service (Uber),Design a Ride-Sharing Service (Uber) | CodeSparring,yes (134),Design a Ride-Sharing Service (Uber),SSR (template-derived from sampled lessons of the same route),unique (0.10 jaccard vs any sibling = chrome baseline),yes,5,"WebSite,Organization,SoftwareApplication,Person,BreadcrumbList,Article",improve
https://www.codesparring.dev/learn/system-design/case-studies/sd-l10-file-sync,200 (template-derived),lesson-system-design,yes,self,Design a File Sync & Storage Service (Dropbox),Design a File Sync & Storage Service (Dropbox),yes (140),Design a File Sync & Storage Service (Dropbox),SSR (template-derived from sampled lessons of the same route),unique (0.10 jaccard vs any sibling = chrome baseline),yes,5,"WebSite,Organization,SoftwareApplication,Person,BreadcrumbList,Article",keep
https://www.codesparring.dev/learn/system-design/case-studies/sd-l10-video-streaming,200 (template-derived),lesson-system-design,yes,self,Design Video Streaming / VOD (YouTube/Netflix),Design Video Streaming / VOD (YouTube/Netflix),yes (135),Design Video Streaming / VOD (YouTube/Netflix),SSR (template-derived from sampled lessons of the same route),unique (0.10 jaccard vs any sibling = chrome baseline),yes,5,"WebSite,Organization,SoftwareApplication,Person,BreadcrumbList,Article",keep
https://www.codesparring.dev/learn/system-design/case-studies/sd-l10-collaborative-editor,200 (template-derived),lesson-system-design,yes,self,Design a Collaborative Editor (Google Docs),Design a Collaborative Editor (Google Docs) | CodeSparring,yes (139),Design a Collaborative Editor (Google Docs),SSR (template-derived from sampled lessons of the same route),unique (0.10 jaccard vs any sibling = chrome baseline),yes,4,"WebSite,Organization,SoftwareApplication,Person,BreadcrumbList,Article",keep
https://www.codesparring.dev/learn/system-design/case-studies/sd-l10-yelp-nearby,200 (template-derived),lesson-system-design,yes,self,Design Yelp / Nearby Places (Proximity Search),Design Yelp / Nearby Places (Proximity Search),yes (137),Design Yelp / Nearby Places (Proximity Search),SSR (template-derived from sampled lessons of the same route),unique (0.10 jaccard vs any sibling = chrome baseline),yes,4,"WebSite,Organization,SoftwareApplication,Person,BreadcrumbList,Article",keep
https://www.codesparring.dev/learn/system-design/case-studies/sd-l10-distributed-cache,200 (template-derived),lesson-system-design,yes,self,Design a Distributed Cache (Redis-like),Design a Distributed Cache (Redis-like) | CodeSparring,yes (134),Design a Distributed Cache (Redis-like),SSR (template-derived from sampled lessons of the same route),unique (0.10 jaccard vs any sibling = chrome baseline),yes,5,"WebSite,Organization,SoftwareApplication,Person,BreadcrumbList,Article",keep
https://www.codesparring.dev/learn/system-design/case-studies/sd-l10-key-value-store,200 (template-derived),lesson-system-design,yes,self,Design a Key-Value Store (DynamoDB/Cassandra),Design a Key-Value Store (DynamoDB/Cassandra) | CodeSparring,yes (132),Design a Key-Value Store (DynamoDB/Cassandra),SSR (template-derived from sampled lessons of the same route),unique (0.10 jaccard vs any sibling = chrome baseline),yes,4,"WebSite,Organization,SoftwareApplication,Person,BreadcrumbList,Article",keep
https://www.codesparring.dev/learn/system-design/case-studies/sd-l10-object-store-s3,200 (template-derived),lesson-system-design,yes,self,Design an Object Store (Amazon S3),Design an Object Store (Amazon S3) | CodeSparring,yes (136),Design an Object Store (Amazon S3),SSR (template-derived from sampled lessons of the same route),unique (0.10 jaccard vs any sibling = chrome baseline),yes,4,"WebSite,Organization,SoftwareApplication,Person,BreadcrumbList,Article",keep
https://www.codesparring.dev/learn/system-design/case-studies/sd-l10-message-queue,200 (template-derived),lesson-system-design,yes,self,Design a Message Queue / Streaming Log (Kafka),Design a Message Queue / Streaming Log (Kafka),yes (141),Design a Message Queue / Streaming Log (Kafka),SSR (template-derived from sampled lessons of the same route),unique (0.10 jaccard vs any sibling = chrome baseline),yes,4,"WebSite,Organization,SoftwareApplication,Person,BreadcrumbList,Article",keep
https://www.codesparring.dev/learn/system-design/case-studies/sd-l10-job-scheduler,200 (template-derived),lesson-system-design,yes,self,Design a Distributed Job Scheduler / Cron,Design a Distributed Job Scheduler / Cron | CodeSparring,yes (142),Design a Distributed Job Scheduler / Cron,SSR (template-derived from sampled lessons of the same route),unique (0.10 jaccard vs any sibling = chrome baseline),yes,4,"WebSite,Organization,SoftwareApplication,Person,BreadcrumbList,Article",keep
https://www.codesparring.dev/learn/system-design/case-studies/sd-l10-distributed-lock,200 (template-derived),lesson-system-design,yes,self,"Design a Distributed Lock (ZooKeeper, etcd, Fencing)","Design a Distributed Lock (ZooKeeper, etcd, Fencing)",yes (135),"Design a Distributed Lock (ZooKeeper, etcd, Fencing)",SSR (template-derived from sampled lessons of the same route),unique (0.10 jaccard vs any sibling = chrome baseline),yes,4,"WebSite,Organization,SoftwareApplication,Person,BreadcrumbList,Article",improve
https://www.codesparring.dev/learn/system-design/case-studies/sd-l10-code-sandbox,200,lesson-system-design,yes,self,Design a Code Execution Sandbox / Online Judge,Design a Code Execution Sandbox / Online Judge,yes (151),Design a Code Execution Sandbox / Online Judge,SSR (verified: teach prose in initial HTML),unique (0.10 jaccard vs any sibling = chrome baseline),yes,4,"WebSite,Organization,SoftwareApplication,Person,BreadcrumbList,Article",improve
https://www.codesparring.dev/learn/system-design/case-studies/sd-l10-webhook-delivery,200 (template-derived),lesson-system-design,yes,self,Design a Reliable Webhook Delivery System,Design a Reliable Webhook Delivery System | CodeSparring,yes (139),Design a Reliable Webhook Delivery System,SSR (template-derived from sampled lessons of the same route),unique (0.10 jaccard vs any sibling = chrome baseline),yes,4,"WebSite,Organization,SoftwareApplication,Person,BreadcrumbList,Article",keep
https://www.codesparring.dev/learn/system-design/case-studies/sd-l10-payment-ledger,200 (template-derived),lesson-system-design,yes,self,Design a Payment System & Ledger,Design a Payment System & Ledger | CodeSparring,yes (143),Design a Payment System & Ledger,SSR (template-derived from sampled lessons of the same route),unique (0.10 jaccard vs any sibling = chrome baseline),yes,4,"WebSite,Organization,SoftwareApplication,Person,BreadcrumbList,Article",improve
https://www.codesparring.dev/learn/system-design/case-studies/sd-l10-ecommerce-flash-sale,200 (template-derived),lesson-system-design,yes,self,Design E-Commerce Inventory / Flash Sale (Ticketmaster),Design E-Commerce Inventory / Flash Sale (Ticketmaster),yes (143),Design E-Commerce Inventory / Flash Sale (Ticketmaster),SSR (template-derived from sampled lessons of the same route),unique (0.10 jaccard vs any sibling = chrome baseline),yes,5,"WebSite,Organization,SoftwareApplication,Person,BreadcrumbList,Article",improve
https://www.codesparring.dev/learn/system-design/case-studies/sd-l10-web-crawler,200 (template-derived),lesson-system-design,yes,self,Design a Web Crawler,Design a Web Crawler · Learn System Design | CodeSparring,yes (140),Design a Web Crawler,SSR (template-derived from sampled lessons of the same route),unique (0.10 jaccard vs any sibling = chrome baseline),yes,4,"WebSite,Organization,SoftwareApplication,Person,BreadcrumbList,Article",keep
https://www.codesparring.dev/learn/system-design/case-studies/sd-l10-metrics-monitoring,200 (template-derived),lesson-system-design,yes,self,Design a Metrics & Monitoring System (Prometheus/Datadog),Design a Metrics & Monitoring System (Prometheus/Datadog),yes (142),Design a Metrics & Monitoring System (Prometheus/Datadog),SSR (template-derived from sampled lessons of the same route),unique (0.10 jaccard vs any sibling = chrome baseline),yes,4,"WebSite,Organization,SoftwareApplication,Person,BreadcrumbList,Article",keep
https://www.codesparring.dev/learn/system-design/case-studies/sd-l10-ad-click-aggregator,200 (template-derived),lesson-system-design,yes,self,Design an Ad Click Aggregator / Real-Time Analytics,Design an Ad Click Aggregator / Real-Time Analytics,yes (142),Design an Ad Click Aggregator / Real-Time Analytics,SSR (template-derived from sampled lessons of the same route),unique (0.10 jaccard vs any sibling = chrome baseline),yes,4,"WebSite,Organization,SoftwareApplication,Person,BreadcrumbList,Article",keep
https://www.codesparring.dev/learn/system-design/case-studies/sd-l10-leaderboard-topk,200 (template-derived),lesson-system-design,yes,self,Design a Leaderboard / Top-K / Distributed Counter,Design a Leaderboard / Top-K / Distributed Counter,yes (138),Design a Leaderboard / Top-K / Distributed Counter,SSR (template-derived from sampled lessons of the same route),unique (0.10 jaccard vs any sibling = chrome baseline),yes,4,"WebSite,Organization,SoftwareApplication,Person,BreadcrumbList,Article",keep
https://www.codesparring.dev/learn/system-design/case-studies/sd-l10-stock-exchange,200,lesson-system-design,yes,self,Design a Stock Exchange / Order-Matching Engine,Design a Stock Exchange / Order-Matching Engine,yes (143),Design a Stock Exchange / Order-Matching Engine,SSR (verified: teach prose in initial HTML),unique (0.10 jaccard vs any sibling = chrome baseline),yes,3,"WebSite,Organization,SoftwareApplication,Person,BreadcrumbList,Article",improve
https://www.codesparring.dev/learn/system-design/specialized-systems/sd-l11-ml-blueprint,200 (template-derived),lesson-system-design,yes,self,End-to-End ML System Blueprint,End-to-End ML System Blueprint | CodeSparring,yes (153),End-to-End ML System Blueprint,SSR (template-derived from sampled lessons of the same route),unique (0.10 jaccard vs any sibling = chrome baseline),yes,4,"WebSite,Organization,SoftwareApplication,Person,BreadcrumbList,Article",keep
https://www.codesparring.dev/learn/system-design/specialized-systems/sd-l11-feature-store,200 (template-derived),lesson-system-design,yes,self,Feature Stores & Training/Serving Skew,Feature Stores & Training/Serving Skew | CodeSparring,yes (146),Feature Stores & Training/Serving Skew,SSR (template-derived from sampled lessons of the same route),unique (0.10 jaccard vs any sibling = chrome baseline),yes,4,"WebSite,Organization,SoftwareApplication,Person,BreadcrumbList,Article",keep
https://www.codesparring.dev/learn/system-design/specialized-systems/sd-l11-realtime-recommendation,200 (template-derived),lesson-system-design,yes,self,Real-Time Recommendation Systems,Real-Time Recommendation Systems | CodeSparring,yes (148),Real-Time Recommendation Systems,SSR (template-derived from sampled lessons of the same route),unique (0.10 jaccard vs any sibling = chrome baseline),yes,4,"WebSite,Organization,SoftwareApplication,Person,BreadcrumbList,Article",keep
https://www.codesparring.dev/learn/system-design/specialized-systems/sd-l11-online-serving-rollout,200 (template-derived),lesson-system-design,yes,self,Online Model Serving & Rollout,Online Model Serving & Rollout | CodeSparring,yes (147),Online Model Serving & Rollout,SSR (template-derived from sampled lessons of the same route),unique (0.10 jaccard vs any sibling = chrome baseline),yes,4,"WebSite,Organization,SoftwareApplication,Person,BreadcrumbList,Article",keep
https://www.codesparring.dev/learn/system-design/specialized-systems/sd-l11-rag-architecture,200 (template-derived),lesson-system-design,yes,self,RAG (Retrieval-Augmented Generation) Architecture,RAG (Retrieval-Augmented Generation) Architecture,yes (143),RAG (Retrieval-Augmented Generation) Architecture,SSR (template-derived from sampled lessons of the same route),unique (0.10 jaccard vs any sibling = chrome baseline),yes,4,"WebSite,Organization,SoftwareApplication,Person,BreadcrumbList,Article",keep
https://www.codesparring.dev/learn/system-design/specialized-systems/sd-l11-vector-db-ann,200 (template-derived),lesson-system-design,yes,self,Vector Databases & ANN Search,Vector Databases & ANN Search | CodeSparring,yes (150),Vector Databases & ANN Search,SSR (template-derived from sampled lessons of the same route),unique (0.10 jaccard vs any sibling = chrome baseline),yes,4,"WebSite,Organization,SoftwareApplication,Person,BreadcrumbList,Article",keep
https://www.codesparring.dev/learn/system-design/specialized-systems/sd-l11-model-gateway,200 (template-derived),lesson-system-design,yes,self,Model Gateway / LLM Router / AI Gateway,Model Gateway / LLM Router / AI Gateway | CodeSparring,yes (144),Model Gateway / LLM Router / AI Gateway,SSR (template-derived from sampled lessons of the same route),unique (0.10 jaccard vs any sibling = chrome baseline),yes,4,"WebSite,Organization,SoftwareApplication,Person,BreadcrumbList,Article",keep
https://www.codesparring.dev/learn/system-design/specialized-systems/sd-l11-llm-inference-serving,200 (template-derived),lesson-system-design,yes,self,LLM Inference Serving (GPU Economics),LLM Inference Serving (GPU Economics) | CodeSparring,yes (151),LLM Inference Serving (GPU Economics),SSR (template-derived from sampled lessons of the same route),unique (0.10 jaccard vs any sibling = chrome baseline),yes,4,"WebSite,Organization,SoftwareApplication,Person,BreadcrumbList,Article",keep
https://www.codesparring.dev/learn/system-design/specialized-systems/sd-l11-llm-agents,200 (template-derived),lesson-system-design,yes,self,LLM Agents & Orchestration,LLM Agents & Orchestration | CodeSparring,yes (147),LLM Agents & Orchestration,SSR (template-derived from sampled lessons of the same route),unique (0.10 jaccard vs any sibling = chrome baseline),yes,4,"WebSite,Organization,SoftwareApplication,Person,BreadcrumbList,Article",keep
https://www.codesparring.dev/learn/system-design/specialized-systems/sd-l11-llm-eval-guardrails,200 (template-derived),lesson-system-design,yes,self,LLM Evaluation & Guardrails,LLM Evaluation & Guardrails | CodeSparring,yes (147),LLM Evaluation & Guardrails,SSR (template-derived from sampled lessons of the same route),unique (0.10 jaccard vs any sibling = chrome baseline),yes,4,"WebSite,Organization,SoftwareApplication,Person,BreadcrumbList,Article",keep
https://www.codesparring.dev/learn/system-design/specialized-systems/sd-l11-finetune-rag-prompting,200 (template-derived),lesson-system-design,yes,self,Fine-Tuning vs RAG vs Prompting,Fine-Tuning vs RAG vs Prompting | CodeSparring,yes (152),Fine-Tuning vs RAG vs Prompting,SSR (template-derived from sampled lessons of the same route),unique (0.10 jaccard vs any sibling = chrome baseline),yes,4,"WebSite,Organization,SoftwareApplication,Person,BreadcrumbList,Article",keep
https://www.codesparring.dev/learn/system-design/specialized-systems/sd-l11-streaming-realtime-analytics,200 (template-derived),lesson-system-design,yes,self,Streaming / Real-Time Analytics Pipelines,Streaming / Real-Time Analytics Pipelines | CodeSparring,yes (142),Streaming / Real-Time Analytics Pipelines,SSR (template-derived from sampled lessons of the same route),unique (0.10 jaccard vs any sibling = chrome baseline),yes,4,"WebSite,Organization,SoftwareApplication,Person,BreadcrumbList,Article",keep
https://www.codesparring.dev/learn/system-design/specialized-systems/sd-l11-globally-consistent-multiregion,200 (template-derived),lesson-system-design,yes,self,Globally-Consistent Multi-Region Data,Globally-Consistent Multi-Region Data | CodeSparring,yes (154),Globally-Consistent Multi-Region Data,SSR (template-derived from sampled lessons of the same route),unique (0.10 jaccard vs any sibling = chrome baseline),yes,4,"WebSite,Organization,SoftwareApplication,Person,BreadcrumbList,Article",keep
https://www.codesparring.dev/learn/system-design/specialized-systems/sd-l11-iot-edge-ingestion,200 (template-derived),lesson-system-design,yes,self,IoT / Edge Ingestion Architecture,IoT / Edge Ingestion Architecture | CodeSparring,yes (147),IoT / Edge Ingestion Architecture,SSR (template-derived from sampled lessons of the same route),unique (0.10 jaccard vs any sibling = chrome baseline),yes,4,"WebSite,Organization,SoftwareApplication,Person,BreadcrumbList,Article",keep
https://www.codesparring.dev/learn/system-design/specialized-systems/sd-l11-time-series-storage,200 (template-derived),lesson-system-design,yes,self,Time-Series Databases & Storage Design,Time-Series Databases & Storage Design | CodeSparring,yes (137),Time-Series Databases & Storage Design,SSR (template-derived from sampled lessons of the same route),unique (0.10 jaccard vs any sibling = chrome baseline),yes,3,"WebSite,Organization,SoftwareApplication,Person,BreadcrumbList,Article",keep
https://www.codesparring.dev/interview,200,app-shell,noindex,MISSING,live interview session shell,Interview Session | CodeSparring,yes (124),NONE,CLIENT (client-side auth redirect; crawler receives a 200 skeleton),EMPTY client shell (9 words) duplicating the root layout head,no,115,WebSite Organization SoftwareApplication Person,keep
https://www.codesparring.dev/login,200,auth,yes,MISSING,sign in,"CodeSparring | AI Technical Interview Practice for Coding, System Design, and Real-World Rounds",yes (298),Welcome back,CLIENT (client-side auth redirect; crawler receives a 200 skeleton),app surface,no,65,WebSite Organization SoftwareApplication Person,noindex
https://www.codesparring.dev/upgrade,200,account,yes,MISSING,upgrade to Pro,"CodeSparring | AI Technical Interview Practice for Coding, System Design, and Real-World Rounds",yes (298),Choose Your Plan,CLIENT (client-side auth redirect; crawler receives a 200 skeleton),app surface,no,1,WebSite Organization SoftwareApplication Person,noindex
https://www.codesparring.dev/limit-reached,200,account,yes,MISSING,session quota reached,"CodeSparring | AI Technical Interview Practice for Coding, System Design, and Real-World Rounds",yes (298),NONE,CLIENT (client-side auth redirect; crawler receives a 200 skeleton),EMPTY client shell (4 words) duplicating the root layout head,no,0,WebSite Organization SoftwareApplication Person,noindex
https://www.codesparring.dev/install,200,utility,yes,MISSING,install the PWA / extension,"CodeSparring | AI Technical Interview Practice for Coding, System Design, and Real-World Rounds",yes (298),VS Code Extension Coming Soon,CLIENT (client-side auth redirect; crawler receives a 200 skeleton),app surface,no,0,WebSite Organization SoftwareApplication Person,noindex
https://www.codesparring.dev/auth/callback,200,auth,yes,MISSING,OAuth callback,"CodeSparring | AI Technical Interview Practice for Coding, System Design, and Real-World Rounds",yes (298),NONE,CLIENT (client-side auth redirect; crawler receives a 200 skeleton),EMPTY client shell (7 words) duplicating the root layout head,no,0,WebSite Organization SoftwareApplication Person,noindex
https://www.codesparring.dev/dashboard,200,app-shell,yes,MISSING,signed-in dashboard,"CodeSparring | AI Technical Interview Practice for Coding, System Design, and Real-World Rounds",yes (298),NONE,CLIENT (client-side auth redirect; crawler receives a 200 skeleton),EMPTY client shell (8 words) duplicating the root layout head,no,1,WebSite Organization SoftwareApplication Person,noindex
https://www.codesparring.dev/account,200,app-shell,yes,MISSING,account settings,"CodeSparring | AI Technical Interview Practice for Coding, System Design, and Real-World Rounds",yes (298),NONE,CLIENT (client-side auth redirect; crawler receives a 200 skeleton),EMPTY client shell (8 words) duplicating the root layout head,no,0,WebSite Organization SoftwareApplication Person,noindex
https://www.codesparring.dev/profile,200,app-shell,yes,MISSING,user profile,"CodeSparring | AI Technical Interview Practice for Coding, System Design, and Real-World Rounds",yes (298),NONE,CLIENT (client-side auth redirect; crawler receives a 200 skeleton),EMPTY client shell (7 words) duplicating the root layout head,no,0,WebSite Organization SoftwareApplication Person,noindex
https://www.codesparring.dev/practice,200,app-shell,yes,MISSING,practice launcher,"CodeSparring | AI Technical Interview Practice for Coding, System Design, and Real-World Rounds",yes (298),NONE,CLIENT (client-side auth redirect; crawler receives a 200 skeleton),EMPTY client shell (8 words) duplicating the root layout head,no,3,WebSite Organization SoftwareApplication Person,noindex
https://www.codesparring.dev/sessions,200,app-shell,yes,MISSING,past sessions list,"CodeSparring | AI Technical Interview Practice for Coding, System Design, and Real-World Rounds",yes (298),NONE,CLIENT (client-side auth redirect; crawler receives a 200 skeleton),EMPTY client shell (8 words) duplicating the root layout head,no,0,WebSite Organization SoftwareApplication Person,noindex
https://www.codesparring.dev/roadmap,200,app-shell,yes,MISSING,personalized roadmap,"CodeSparring | AI Technical Interview Practice for Coding, System Design, and Real-World Rounds",yes (298),NONE,CLIENT (client-side auth redirect; crawler receives a 200 skeleton),EMPTY client shell (17 words) duplicating the root layout head,no,2,WebSite Organization SoftwareApplication Person,noindex
https://www.codesparring.dev/roadmap/new,200,app-shell,yes,MISSING,roadmap builder,"CodeSparring | AI Technical Interview Practice for Coding, System Design, and Real-World Rounds",yes (298),NONE,CLIENT (client-side auth redirect; crawler receives a 200 skeleton),app surface,no,0,WebSite Organization SoftwareApplication Person,noindex
https://www.codesparring.dev/knowledge,200,app-shell,yes,MISSING,knowledge map,"CodeSparring | AI Technical Interview Practice for Coding, System Design, and Real-World Rounds",yes (298),NONE,CLIENT (client-side auth redirect; crawler receives a 200 skeleton),EMPTY client shell (8 words) duplicating the root layout head,no,0,WebSite Organization SoftwareApplication Person,noindex
https://www.codesparring.dev/metrics,200,app-shell,yes,MISSING,personal metrics,"CodeSparring | AI Technical Interview Practice for Coding, System Design, and Real-World Rounds",yes (298),NONE,CLIENT (client-side auth redirect; crawler receives a 200 skeleton),EMPTY client shell (8 words) duplicating the root layout head,no,0,WebSite Organization SoftwareApplication Person,noindex
https://www.codesparring.dev/admin,307 -> /login?redirect=%2Fadmin,admin,n/a (server redirect),n/a,admin console,,n/a,n/a,server redirect in proxy.ts,n/a,no,0,,keep
https://www.codesparring.dev/sessions/{id},200 (client shell; data is auth-gated),session-detail,"yes (DEFECT: robots.txt Disallow only, no noindex)",MISSING,one past interview session,"CodeSparring | AI Technical Interview Practice for Coding, System Design, and Real-World Rounds","yes (298, root-layout default)",NONE,CLIENT,EMPTY client shell,no,0,"WebSite,Organization,SoftwareApplication,Person",noindex
https://www.codesparring.dev/learn/{track}/{level}/{lessonId}/workspace,307 -> /login?redirect=... (425 URLs),lesson-workspace,noindex (declared in page metadata) + server redirect,n/a,graded lesson player,,n/a,n/a,server redirect in proxy.ts,n/a,no (sitemap.test.ts pins this),1,,keep
